site,title,title_en,year,reviewer,review,review_length,rating
watcha,택배기사,Black Knight,2023,배추입니다,"제발.. 싸우기 전에 씨익 웃지마 세계관 설명 나레이션으로 좀 하지마 멕시코 갱처럼 피어싱, 문신 하지마 이런 거 만들지 마",69,1.0
watcha,택배기사,Black Knight,2023,캡틴부메랑,아 또 한국형 디스토피아야 ㅡㅡ (감상 전)  어떻게 사람 이름이 멍 멍멍 무쓸모 이 드라마가 멍 멍멍 무쓸모  그리고 또 올려치기 당하는 승리호 이대로 가면 우주명작 되겄네 (감상 후),104,0.5
watcha,택배기사,Black Knight,2023,윌쓴,와…1화 20분동안  나레이션 세계관 설명 + 뇌절 캐릭터들 + 영구와 땡칠이급 액션 + 어색한 연기.. 이걸 다 해내다니!,69,1.0
watcha,택배기사,Black Knight,2023,김완수,50년 뒤 미래로 떠올린 모습이 고작 손등에 QR코드 새기는거라니…..,39,0.5
watcha,택배기사,Black Knight,2023,윤제아빠,아포칼립스 세상의 구원보다 시급한건 내 눈동자를 잠식하는 눈꺼풀이 급선무 . . #안타깝지만이번sf도실패인듯 #세련됐지만창의적이지못하다 #설득없이펼쳐낸그들만의리그 #차라리배달의고난을그려내지,105,1.0
watcha,택배기사,Black Knight,2023,BIGMAC_bro,"좀 스타일리시 하게 세계관을 설명 못하나… 언제적 내레이션… 그냥 사람들의 대화만으로도 정보를 줄 수 있잖아… 전체적인 연출도 그렇고…  그리고 미술이나 세트 등에서 고민을 많이 한 흔적이 안보임… 제작기간이 많이 타이트 했던지, 외주 비용을 아낀건지…  큰 기대는 안했지만  적어도 넷플릭스 오리지널과 주목받는 K컨텐츠의 이름표 아래에선 더 심혈을 기울여서 제작해야 되지 않나 ㅠ  단점이 많이 보이는 작품… 그래도 SF덕후로써 도전정신에 별 반개 더 ",254,2.0
watcha,택배기사,Black Knight,2023,동 진리 병론가,김우빈과 송승헌이라니! 믿고 거른다!,20,0.5
watcha,택배기사,Black Knight,2023,리얼리스트,"""왜 세상이 디스토피아냐? 지켜주고 싶게""",23,0.5
watcha,택배기사,Black Knight,2023,방구석로맨스전문가,영도야 널 향한 사랑으로 개노잼 드라마와 영화를 몇 개나 봐야 하는지 모르겠다.. 사랑은.. 자해다…,56,1.5
watcha,택배기사,Black Knight,2023,지예,이쯤되면 아무래도 넷플 내에 쿠데타 세력이 있는거 아닌지. 차라리 정이랑 콜라보를 해라. 천명이 자라는 로봇을 개발했다고 해. 실은 모든게 메타버스 세계관이였다고 하던지. 믿을 수 없다. 뭔데 이게 뭔데. 멋져야된다는 강박에 시달리는 쇼미더머니 래퍼가 꾸는 개꿈하날 찍은듯한... 어휴 내가 막 죄송하네... 미쳤다. 항마력 원탑. 진짜 너네 아무도 못이겨.,200,1.0
watcha,택배기사,Black Knight,2023,P1,택배기사님들을 우롱하디마라!! 이렇게 재미없는 택배기사가 어디있노,36,2.0
watcha,택배기사,Black Knight,2023,Random cul,김우빈님 빼고 배역 배송오류. 강한 설정에 어설픈 진행.,31,1.0
watcha,택배기사,Black Knight,2023,Gooson,택배는 뜯기 전 까지만 설레인다. 이 이야기도 플레이를 누르기 전까지만 설레인다.,45,2.5
watcha,택배기사,Black Knight,2023,대연뎨녈,아…제발.. 도대체 뭘 하고싶은건데? 넷플릭스가 자선 사업가도 아니고…,39,0.5
watcha,택배기사,Black Knight,2023,건빵🥖,총체적 난국  - 1화 보다가 하차,19,1.0
watcha,택배기사,Black Knight,2023,미상.,나름 미술은 자연스럽다. 하지만 캐릭터 빌딩이 부족한 상황에서 인물들의 동기나 행동은 전형성을 벗어나지 않고 엄청 평면적으로 움직이며 매력이 떨어진다. [2023. 5. 14 일요일],102,0.5
watcha,택배기사,Black Knight,2023,Jae Ok Kim,1.5화까지 보고 있는데.. 더 볼 용기가 나질 않아.. 용기 좀 배달해줘…,42,1.5
watcha,택배기사,Black Knight,2023,mozza,오..... 어쩜이렇게 지루하게 만들었을까 그놈의 한국형 디스토피아는 왜 죄다 꾀죄죄하냐고,50,3.0
watcha,택배기사,Black Knight,2023,하누애비,내 이랄줄 알았다,9,0.5
watcha,택배기사,Black Knight,2023,Keep,설명하려는 최소한의 노력도 없이 설득하려는 눈꼽만큼의 의지도 없이  그냥 그런거야 넘어가줘 제발 뭘 굳이 따지고 그래 싹싹 비는 불성실한 이야기,80,1.0
watcha,택배기사,Black Knight,2023,시리우스,설국열차 냄새도 나고 매드맥스 분노의 도로 냄새도 나고.  세상의 진실. 바꾸려고 나서는 영웅 택배기사5-8 김우빈. (사심으로 별셋.) 한결같은 송승헌. 연기가 늘 같다. 6화까지 못 보겠다. 오늘은 여기까지 4화에서.,123,3.5
watcha,택배기사,Black Knight,2023,WatchaPedia,내 시간 돌려주세요...... 송승헌은 역시 믿거인가,29,0.5
watcha,택배기사,Black Knight,2023,미지의세계,"음향, 카메라연출 다 구리다. 조연배우 캐스팅이 배역에 어울리지 않고 연기좋은 배우들까지도 발연기처럼 연출이 너무 구리다. 시대배경은 흥미로운 소잰데 이렇게 재미없게 찍었다고?",98,1.0
watcha,택배기사,Black Knight,2023,다솜땅,"멸망해 버린 세상을 살아내는 그들의 방식 어디서나 사람 살아가는 세상이 요모양 요꼴이네.. 죽여야하고 가져야하고 요행과 욕망의 에너지가 폭발하는 적에 대항하는 살아남아야하는 사람들. 그들의 대립속에 대세는, 평화로워보이는 쪽으로 기울어진다. #25.1.27 (45) #넷플릭스",154,1.0
watcha,택배기사,Black Knight,2023,johnpaulmacqueen,평가도 귀찮다..진짜 쫌…골든 슬럼버가 실력이었음,27,1.0
watcha,택배기사,Black Knight,2023,가리,"이 드라마가 제시하는 키워드들의 특색이 하나도 안살음 -마스크를 밖에서도 자꾸 벗어재끼니 대기 오염의 심각성도 모르겠고, -택배 배달 과정도 긴박함이 전혀 안느껴지니 택배 기사가 얼마나 대단한 일인지 와닿지 않고, -애매한 개그와 클리셰 때문에 이게 디스토피아 세계관이 맞는지도 모르겠음-.-",163,1.0
watcha,택배기사,Black Knight,2023,Leeko,왠만해선 악평 안남기는데… 세계인이 볼 넷플에 이게 올라간다니 너무 수치스럽다. 멀쩡한게 없네,52,1.0
watcha,택배기사,Black Knight,2023,moon on the sky,"아.... 이런 거 제일 싫은 것 중 하나이다. ""빌런: 총 쏜다!"" ""주인공: 쏴."" 그러곤 주인공에 의해 맨손 격투 시작ㅋ 빌런은 충분히 총 갈길 수 있는 여력이 있는데 주인공의 주먹세례에 왜인지 추풍낙엽처럼 쓰러지고.... 주위의 빌런 일행은 멀뚱멀뚱 보고만 있다가 원 바이 원 다가와서 또다시 주인공의 존잘싸움실력 발휘에 또한 나가떨어지고........ . 이런 비논리적이고 효과적이지 못하고 비사실적인 구시대적 액션합이나 눈 감고 아웅하는 식의 개연성을 대중은 언제까지 그러려니 납득해야 하지? . 영화 드라마 업계는 대중들의 원성이 이와 관련하여 오래되었다면 이쯤되면 알아서 진화해야 하는 거 아닌가? . 어떤 산업이든 간절한 피드백에도 불구, 혁신은 커녕 개발조차 되지 못하면 점차 도태되는 거다. . 대중들이 그렇게나 불호라고 외치우는 신파나 비사실적인 합과 개연성을 배제하고 뜯어고칠 여력이 없으면 작품을 세상에 내놓는 것에 대해 다시 한 번 생각해 보라. . 원래 강하게 이야기하는 것을 좋아하진 않지만, 요즈음의 이 업계의 결과물들은 정말이지 마음에 들지 않는다. 이것은 이제 ""성의""의 문제로 보이기 시작했기 때문이다. . 대중들에게 성의있게 선보이라. 그것이 그 작품을 위해 본인의 시간을 할애하는 관중을 향한 예의이다. -23.05.13.- . . 흐음... 예고편으로는 판단을 못하겠다. 만약 본편이 군데군데 비어보인다면 치명적일 듯. 아포칼립스물은 어색하면 코스플레이 같이 보여서 안돼... 우스워짐. . 원작을 보진 않아서 어떤 전개방식과 플롯을 가지고 있는지는 모르겠지만, 6부작으로서 아예 방대한 세계관이나 신파 없는 에피소드들을 들고 오지 않으면, 성공하기는 힘들 수도. 시청자들의 눈은 창작자들의 생각보다 많이 높다. -23.04.11.-",882,1.0
watcha,택배기사,Black Knight,2023,라이너스,"250억짜리 반품 불가 택배가 넷플릭스의 송장을 붙이고 배송되었다. - 이야기는 6부작으로 꾸역꾸역 늘여서 ‘지루함’을 담아내고, 연출은 이렇게 찍어도 되는건가 싶은 ‘어설픔’을 첨부하고, 배우는 ’무매력‘ 캐릭터를 붙잡고, 국어책을 읽으며 자폭한다.",140,2.0
watcha,택배기사,Black Knight,2023,이진훈,"캐릭터 하나를 위해 세계관을 급조하고 과학,종말,정치,계급,혁명등으로 마구잡이로 땜빵을 하다보니 여기저기 설정구멍에서 산소가 팍팍 세는...",78,0.5
watcha,택배기사,Black Knight,2023,𝐩𝐢𝐜𝐧𝐢𝐜𝐤𝐞𝐫,"씨...., ? 250억으로  비싼 을 .... 아주 이다!  재밌게 보신 ‘스위트홈 시즌 1’과 비슷해요? 왓챠, ?",66,1.5
watcha,택배기사,Black Knight,2023,martie,예고편이 엄청 강렬했어서 잔뜩 기대 중 ….,24,2.5
watcha,택배기사,Black Knight,2023,신 하우 평론,제목부터 왠지 코지마 히데오의 데스스트랜딩이 생각이 난다.,32,0.5
watcha,택배기사,Black Knight,2023,준수. 준서아바이,솔직히 얘기한다. 1화 보다가 껐다.. 연기. cg. 더 봐바야 뻔이겠더라,41,1.5
watcha,택배기사,Black Knight,2023,마르키토,반품이 답이다. 택배기사 내지 말고 반품기사나 내라!!!,31,0.5
watcha,택배기사,Black Knight,2023,dinozzo,흥미를 위한 설정으로만 만들어진 느낌의 난민과 택배기사.,31,2.0
watcha,택배기사,Black Knight,2023,누렁이개밥,스스로들 부끄러운줄 알아라..,16,1.0
watcha,택배기사,Black Knight,2023,유지철,스스로의 완성도로 국산 영화판에 디스토피아적 현실을 아주 잘 보여준다.,39,2.5
watcha,택배기사,Black Knight,2023,Moony,실망했다. 망작이다. 1화보고 손절. 우리나라는 sf물과 디스토피아물은 아직인듯,44,4.0
watcha,택배기사,Black Knight,2023,김용규,"생각보다 허무하게 무너져 흩날린, 그들이 만들어낸 디스토피아 모래 언덕.",40,2.0
watcha,택배기사,Black Knight,2023,홀마푸들,재미는 배송이 안됐네여...,15,2.0
watcha,택배기사,Black Knight,2023,너른벌 김기철,거대한 이야기를 6부에 담으려 했으니 5부를 설명에 쓰고 6부 마지막 20분에 처리를 하니 허뭏게 끝나버리네 이건 뭐 용두사미도 아니고 사두지렁이꼬리 같은 느낌이랄까. 대기는 안좋다며 마스크는 겁나 벗고 그정도면 그냥 살겠더라  #012.2023.06.01.6부작 넷플릭스(129),157,0.5
watcha,택배기사,Black Knight,2023,J Kim,배경 설정 하나만큼은 완벽했다 ,17,1.0
watcha,택배기사,Black Knight,2023,배박,2023 벡터맨,8,0.5
watcha,택배기사,Black Knight,2023,붉은 돼지,"누구야, 3편부터 괜찮아진다고 한 사람이 ㅠㅠ",25,1.5
watcha,택배기사,Black Knight,2023,No name,2화  이것도 여까지만 갈란다. 제작사 놈들 웹툰 원작을 이렇게 바꿔놓았다는 사실만으로도 충분히 드랍할 명분이 된다. 떨어지는 퀄리티는 거들뿐   1화  언제쯤 되어야 미래사회에서 자동차가 업그레이드 될 것인가. 투명 태블릿을 사용하고 안전구역(?) 확인할 때는 겁나 멋진 디스플레이 사용하드만 차들은 왜 죄다 지금이랑 차이가 없는 거신가?  + 산소가 없다며 난민구역 사람들 왜때문에 불을 피워놓고 난리?  ++ 이솜 군복 잘어울리네  china cg 수준이지만 그래도 좀 더 가보겠음,272,1.0
watcha,택배기사,Black Knight,2023,이야기꾼 지망생,그래서 산소가 있는 거야 없는 거야? 왜 마스크를 썼다 벗었다해? 총들고 있는데 왜 맨몸한테 져? 말이 안 되는 게 너무 많아서 볼 수가 없다,79,1.5
watcha,택배기사,Black Knight,2023,캡틴테일러,스크롤로 보다가 그마저도 귀찮아서 마지막10분 봤다 우린 이걸 왜 봤을까 반성하자,45,0.5
watcha,택배기사,Black Knight,2023,팁트로닉,같은 시도를 반복하면서 다른 결과를 기대하는 미친 짓.,30,0.5
watcha,택배기사,Black Knight,2023,맛스타,어설픈 무늬만 가득,10,1.0
watcha,택배기사,Black Knight,2023,김지호,한국에서 안해본 장르를 할 때에는 클리셰 적당히 섞어서 안전하게 만들자 라고 생각해서 나온 안일한 쓰레기. 좀비 없는 반도.,69,2.0
watcha,택배기사,Black Knight,2023,영화보는사람,지들끼리는 엄청 긴박한데 보는 나는 지루한 마법,26,0.5
watcha,택배기사,Black Knight,2023,두돌이,벡터맨과 메직키드 마수리 그 사이 어딘가...,25,1.5
watcha,택배기사,Black Knight,2023,짭동진,"쏜다, 간다, 어 그래 잘가라",16,3.5
watcha,택배기사,Black Knight,2023,0점사격,쾌차하신건 다행입니다만 이건 좀 아닌듯 하네요,25,0.5
watcha,택배기사,Black Knight,2023,DK,[23.05.12. 공개 / 6부작 / Netflix] [크랭크인/업 2021.12.-2022.05.] [제작비 약 250억 원] + 동명웹툰 원작,82,1.0
watcha,택배기사,Black Knight,2023,롯데폐인,계속 스킵하면서 보게 되네. 끝까지...,22,0.5
watcha,택배기사,Black Knight,2023,문성준,돈많은 중학생이 만든 습작같은 느낌..... 휴.....,31,0.5
watcha,택배기사,Black Knight,2023,민트초코❤️,설명좀 적당히 해라... 지루해서 혼났네... 배우들의 연기는 드라마와 어울린다는 생각이 들지 않았고 흥미로운 설정들과 배경을 제대로 활용하지 못하고 뻔한 전개들이 들어갈 장치로만 쓰인 부분도 아쉽게 느껴졌습니다.  6부작인데 한 16부작은 본거 같은 가장 큰 아쉬움이랄까...??,157,1.5
watcha,택배기사,Black Knight,2023,송송,"왜그래요, 우리 애한테!! 난 봐줄만은했다구요!!!",28,1.0
watcha,택배기사,Black Knight,2023,새잔,"무려 2023년에 이런 각본, 이런 연출, 이런 연기.",30,2.0
watcha,택배기사,Black Knight,2023,불평불만이,촬영. 연기. 다 모자름,13,0.5
watcha,택배기사,Black Knight,2023,Dom,투자를 어떻게 따낼까? 이런 작품으로 감독을 이어가다니.  영업력이 대단하다.  ps 우리 회사 영업 자리에 섭외하고 싶다.,69,3.0
watcha,택배기사,Black Knight,2023,park,- 2부에서 하차 - 재미있는지 잘 모르겠어요..,27,3.0
watcha,택배기사,Black Knight,2023,G-Design,1화 20분쯤 보다가.. 넘나 놀라서 리모컨 스톱 누르고 분위기 파악하러 왓챠피디아 찾아옴!  투자 유치하겠다던 3조 3천억에서.. 이 시리즈 제작비만은 빼주세요.. 제발!!,97,2.0
watcha,택배기사,Black Knight,2023,inoji,직업군인+국방부장관+1등기업 <<<<< 택배기사 김우빈,30,1.5
watcha,택배기사,Black Knight,2023,숫자,끝까지 보고 싶지도 않다,13,2.0
watcha,택배기사,Black Knight,2023,Kay,와 이거 쌔한데 1화부터.....,18,2.5
watcha,택배기사,Black Knight,2023,스페이드에이,전반적인 연기가 어색하고 내용도 일단 재미가 없다. 감독과 배우의 역량 부족이 느껴진다.,49,2.5
watcha,택배기사,Black Knight,2023,ode,감시자들이 아니고 기술자들 감독이었겠죠?,22,1.0
watcha,택배기사,Black Knight,2023,삐리리,"CG 만 화려할 뿐, 다른 만화 원작의 드라마와 격이 좀 있는듯 하다.",39,0.5
watcha,택배기사,Black Knight,2023,emmajjh,뭔가 그럴듯했는데 디테일은 없음,17,1.5
watcha,택배기사,Black Knight,2023,료지니🍭,원작을 안봤어도 원작을 망친거 같은 느낌적인 느낌,27,2.5
watcha,택배기사,Black Knight,2023,최지웅,"오프닝, 설정, 세계관, 연출, 연기..죄다 어색, 어중간. 슬아와 함께 퇴장해버린 관심",49,1.5
watcha,택배기사,Black Knight,2023,리츠,왓챠평을 보고 영화고를 때 참고 했었는데 어느 순간 다들 평론가가 되고 모든 영화가 다 훌륭한 명작이 아니면 안되는 평들만이 올라오는걸 보고 조금은 당황스럽다 얼마나 많은 기대를 하며 보는건지  나름 새로운 시도와 새로운 소재를 가지고 도전하는 영화들이 나와야 더 나은 영화도 만들어 지는데 이렇게 마치 다들  명작 한번 만들어 보신분들 처럼 펑가를 하니,198,1.5
watcha,택배기사,Black Knight,2023,BeBe,인트로 다!! 허나 뒤로 가면 그나마 볼만하다!,26,1.0
watcha,택배기사,Black Knight,2023,수란잔,남-남 원팀 vs 남-녀 원팀 예수님의 열두제자 vs 천명그룹의 열두 택배기사,43,0.5
watcha,택배기사,Black Knight,2023,굿키드,설정을 지었으면 지키던가 당위성을 깊게 이해시키던가. 마스크는 지 편한대로 썼다 벗었다 뭐 어쩌자는건데? 액션도 애매하고. 40년째면 한 세대가 넘는 시간에 하층민도 돈없어서 하루한끼 애껴먹는 판국에 난민도 약탈등 먹고살기위해 범죄가 주 수입원인 하나의 계급이 된것뿐일텐데 뭐 꼭 난민이 불쌍하다고 숨겨주고 대신잡혀가겠다는건지. 낭만이 살아있네? 황폐화된 세상에 각자도생하는 쪽이 더 설정과 맞지 않을까? 굉장히 조각조각 요소가 어쩜이리 충돌되지? 시작 20분만에?,260,2.5
watcha,택배기사,Black Knight,2023,고니,1화 20분… 조금만 더 견뎌보자..!,21,1.5
watcha,택배기사,Black Knight,2023,bee_leeh,너무 매드맥스네 근데 왜 하필 송승헌이야… ㅠ,25,1.0
watcha,택배기사,Black Knight,2023,이나린,SF는 배경묘사도 매우 중요한데 장면과 소품이 진짜 몇개 없음. 이 영화에서 가장 SF적이이었던 부분은 20대 같은 송승헌의 미모.,73,2.5
watcha,택배기사,Black Knight,2023,타퇴엽절,고객들을 위해 밤낮으로 고생하시는 택배기사님들이 결국 위기에 빠진 대한민국을 구한다.. 그들의 노고에 진심을 담아 박수를 보낸다~,72,1.5
watcha,택배기사,Black Knight,2023,Lee Ja Bok,하 쿠팡한테 미안할 지경.,14,2.0
watcha,택배기사,Black Knight,2023,내 낡은 서랍 속의 바다,어쩐지 마케팅도 안하더라.,14,1.0
watcha,택배기사,Black Knight,2023,하늘바다인생,피자 먹으면서 보는데 이 어색한 연기와 연출은 도데체 머지..피자가 싱거워서 집중을 못한걸까..좋아..왓챠 평점을 확인해보자. 아니나 다를까 1.8 호호호호.. 나는 자비로운 사람이니 별2개 박고 갑니다..^ㅅ^..아니다..생각해보니 이거슨 별 1개닷!,141,2.0
watcha,택배기사,Black Knight,2023,ojae9yu,1화 졸면서 봤다 ..,12,2.0
watcha,택배기사,Black Knight,2023,이의동기로,소재는 참 좋은데 컷마다 디테일의 부재와 편집이 너무 아쉽다.,34,0.5
watcha,택배기사,Black Knight,2023,나지수,제 시간 반품 되나요?,12,0.5
watcha,택배기사,Black Knight,2023,킴지,알맹이 없이 박스만 한가득,14,3.5
watcha,택배기사,Black Knight,2023,서주원,부실하고 빈약하다,9,1.5
watcha,택배기사,Black Knight,2023,송운당,"2023.05.21.넷플릭스 재미가 없다  여러 sf영화에서 나왔던 요소들을 조금씩조금씩 붙였지만... 뼈대가 부실하다.  애초에 헌터들이나 난민들 사는거 보면, 세상밖도 꽤 살만할것 같은데... 악당캐릭터도 전혀 매력이 없고, 주인공 김우빈은 그저 김우빈역할에 충실했을뿐 전혀 매력없는 캐릭터라는것은 동일하다. 그 반말 내뱉는 그 녀석이 차라리 주인공이라고 봐야 할것도 같은데, 이쪽의 서사가 더 탄탄한것도 아님. (내가 연기력까지 평가할 수준은 아니지만... 읍..)  마지막에 사실 찐 빌런은 사실... 짜잔... 나였지롱 하는정도의 반전도 살짝 기대해봤지만 그런것도 없다.  기대작도 아니긴 했지만, 이렇게 또 아쉬움이 큰 한국 장르물이 하나 더 남게 되었구나...",376,1.0
watcha,택배기사,Black Knight,2023,하루키,서부와 황야 = 모래먼지 도시. 말 = 트럭.  역시나 원샷. 원킬 ,38,1.0
watcha,택배기사,Black Knight,2023,부자연,"5-8(김우빈) 주연. 윤사월 (강유석), 류석(송승헌), 정설아 (이솜) 출연. 천명그룹. 디스토피아 세계. 조의석 감독 작품. 이윤균 웹툰 원작.",83,0.5
watcha,택배기사,Black Knight,2023,오경문,배송사고로 도중하차...,13,1.0
watcha,택배기사,Black Knight,2023,성아,까분다 또(나 이런 장르물 싫어하는데),21,0.5
watcha,택배기사,Black Knight,2023,검은안개꽃,오~ 노윤서 나오네 봐야지~ 1화에 노윤서 죽었다...,30,2.0
watcha,택배기사,Black Knight,2023,혜빈,매드맥스 세계관에 90년대 어린이 드라마 보는 줄.,28,3.0
watcha,택배기사,Black Knight,2023,지우,시간이 소중하신 분들은 가볍게 패스 하시고 시간을 죽이고 싶으신 분들도 패스 하시길 바랍니다,51,0.5
watcha,택배기사,Black Knight,2023,살기좋은 지구,이제는 웹툰맛도 적응이 되고 있다;;;,21,2.0
watcha,택배기사,Black Knight,2023,하하함,기가찬다,4,1.0
watcha,택배기사,Black Knight,2023,붉은대륙,글로벌 OTT로부터 투자받은 한국 콘테츠 10개중에 9개는 이정도 수준의 제작비 슈킹하는 작품. 향후 한국 콘텐츠의 국제시장이 어떻게 변화하게 될지… 간혹 터지는 한두개 작품으로 국뽕에 취하지 말고 전체를 봐야할 중요한 때.,125,2.0
watcha,택배기사,Black Knight,2023,잭요다,"이쯤되면 넷플릭스의 문제도 일견 있다고 본다. 넷플릭스 = 망작 이라는 공식이 대체 몇년 째일까. 다양한 작품들을 세상에 빛을 볼 수 있게 좋은 취지로 엄청난 비용을 들여 영화, 드라마에 투자를 해주는 만큼, 작품을 선택하는 기준을 좀 더 제대로 된 작품에 투자를 결정할 수 있게 방향을 잡아가면 어떨까? 넷플릭스로 인해 다양한 장르의 작품들을 세상에 나오게 해주는 반면, 그 작품들 중 너무나도 많은 작품의 퀄리티가 현저하게 떨어진다. 비단 택배기사 하나의 문제가 아니다. 이런 말도 안되는 작품들에 검증 없는 무한 투자를 해주니 밑도 끝도 없는 컨텐츠가 세상에 나오는거 아닌가. 1화부터 경악스러울 정도로 허접한 cg와 클리셰를 쏟아부은 오글거리는 대사들.. 미술이 정말 중요한 작품인데 전혀 공감하지 못하는 한국형 디스토피아.. 악역의 서사가 너무 유치하고 난민과 대기업이라는 1차원스러운 갈등과 어이가 없어 실소가 나오게 되는 결말부.. 그 누가 봐도 너무 하지 않냐 이말이다. 이건 그냥 저냥 ”그래도 이런 시도가 중요한 건 아닌가?“ 하고 봐줄 수 있는 수준에도 한참 못미친단 말이다. 참으로 실망스럽다.",568,0.5
watcha,택배기사,Black Knight,2023,소연,진짜 뒤진다 이런거 한 번만 더 만들면,21,2.0
watcha,택배기사,Black Knight,2023,심정현,1화 15분 보고 탈출… 내 머릿속 산소가 다 부족해지는 기분… 처음부터 나레이션으로 떠먹여주려고 하지말라구요…!!! 몰입감 떨어진다고 ㅠㅠ…,79,1.0
watcha,택배기사,Black Knight,2023,lee,"아휴... 설정은 좋았으나, 설정에 충실하지 못한 전개에 1화에서 하차했습니다.  유독한 공기라면서요... 왜 자꾸 마스크를 벗는건지. 토네이도가 오는데 차 안에 있지 않고, 엎드려서 피한다는게 너무 말도 안돼요 ",119,2.0
watcha,택배기사,Black Knight,2023,석재현,"오래 전부터 배송 주문한 흥미와 흡입력, 완성도는 어디로 배달간건지.. 나에겐 오배송됨",48,1.0
watcha,택배기사,Black Knight,2023,제니빠끄,"아..쎄한....느낌이 드는데... 택배기사, 비밀조직 투잡이라니..과로사 할만한데..?  우리나라는 영화 진짜 잘 만드는데 왜 이런 디스토피아, SF는.. 유독..",92,2.5
watcha,택배기사,Black Knight,2023,왕밤빵,K식 어설픈 디스토피아 썩은 모듬,18,0.5
watcha,택배기사,Black Knight,2023,MOAAI🗿,"미래를 이야기하는데, 새로운 게 하나도 없다.",25,0.5
watcha,택배기사,Black Knight,2023,Bleu,와… 진짜 재미없다… 1화 보다 끔…,20,2.0
watcha,택배기사,Black Knight,2023,소낙,영화 감독이 드라마 시리즈를 잘 만드는 경우가 있고 못 만드는 경우가 있는데 이건 철저히 후자에 속한다 오로지 김우빈만 빛난다,70,1.5
watcha,택배기사,Black Knight,2023,택이,초반부는 흩날리는 모래먼지처럼 뿌옇다. 후반부에 정화될지가 관건.,36,1.5
watcha,택배기사,Black Knight,2023,김트리,"평가불가 판정, 허공에 돈 뿌리기... 어떤것도 느낄수 없었다.. 마이너스에 수렴한다.  촬영할 때 어떤기분일까? 성취감 과 뿌듯함이 있었을까?  이런 결과물을 보고 모든 스탭들이.. 마지막에는 절망감, 그 자체 아니였을까??  이따위로 만들거면 만들지말자..진짜..",149,0.5
watcha,택배기사,Black Knight,2023,키쟁이,영화로 만들었다면 그나마 좀 괜찮았을까,21,1.0
watcha,택배기사,Black Knight,2023,조잘조잘,상상력은 뒷산에 모래먼지와 함께 소멸된듯 영화스타그램 조잘조잘 @cho.__.jal,46,1.5
watcha,택배기사,Black Knight,2023,YongJo,뻔한 클리셰로 점철된 모습. 그래도 화려한 액션씬만으로도 눈길을 사로잡는다.,42,1.0
watcha,택배기사,Black Knight,2023,영화잡식주의,어쩜 이리 평이한 작품이 나왔을까.. <정이>를 드라마로 만들면 이런 느낌일까,43,2.0
watcha,택배기사,Black Knight,2023,coenjung,그래도 차량 추격씬 하나는 인정,17,1.5
watcha,택배기사,Black Knight,2023,김꽃,나만 졸린게 아니었구나 .. 코멘트 다는것도 민망할정도 1화 중간 진입까지도 간신히 봤음 … 아마 계속 끝까지 못볼거 같다 .,70,1.0
watcha,택배기사,Black Knight,2023,원준,1화 후기: 2화 후기 없을 것 같음,20,2.0
watcha,택배기사,Black Knight,2023,정한진,말 않,3,2.5
watcha,택배기사,Black Knight,2023,글라,250억을 태우고 시청시간1위면 다가 아니에요 넷플릭스 코리아 재난영화 이젠 믿지 않아,48,3.0
watcha,택배기사,Black Knight,2023,밍밍,총체적 난국. 6부작을 나흘에 걸쳐 4번의 시도 끝에 완주. 얼마나 재미없었으면...,47,3.0
watcha,택배기사,Black Knight,2023,LIM,진정한 디스토피아는 드라마 그 자체이지 않을까?,26,1.0
watcha,택배기사,Black Knight,2023,Eui-Young Gloria,큐알코드 나오자마자 하차,13,2.0
watcha,택배기사,Black Knight,2023,윤국현,내용도 내용인데 CG부터 너무 한숨나오게 만듬,25,0.5
watcha,택배기사,Black Knight,2023,윤산,단품메뉴를 시켰는데 본인 가게에서 파는 모든 메뉴를 맛 없게 섞어서 준 기분,42,2.0
watcha,택배기사,Black Knight,2023,순무,"택배 기사와 헌터..? 네이밍이 와닿지 않는다 위급상황에 거의 군인같은 직업이 굳이 택배기사라고 불린다..? 도둑들, 범죄자들은 굳이 헌터라는 괜히 있어보이려고 한 거 같은 이름으로 불린다..?",108,0.5
watcha,택배기사,Black Knight,2023,권바다,따뜻한 눈으로 눈 딱 감고 봐줬어요…,20,1.5
watcha,택배기사,Black Knight,2023,915,택배는 없고 기사흉내만 있음,15,2.0
watcha,택배기사,Black Knight,2023,Bluepond,특별한 내용도 없고 개연성도 떨어지고 그냥 다 본것이 다행입니다.,36,0.5
watcha,택배기사,Black Knight,2023,비밀임다,디스토피아 장르에 대한 생각이 나랑은 다른듯,24,0.5
watcha,택배기사,Black Knight,2023,시현,니 마음속에 있는 슬픔이 얼마나 큰지는 잘 모르겠지만 하루가 지나면 작아진다 아주 조금  그리고 또 하루가 지나면 조금 더 작아지고 그렇게 하루 하루 작아지는 슬픔을 안고 살아가다보면 그게 그리움이 되더라  우린 모두 그렇게 슬픔을 그리움으로 바꿔가며 살고있는거야,147,1.0
watcha,택배기사,Black Knight,2023,유태,6화에서 끝내줘서 고맙습니다 사월이에게 뭔가 더 임팩트가 있었으면 좋았을텐데 인물 캐릭터가 아깝네,54,2.5
watcha,택배기사,Black Knight,2023,쫄깃제리,마스크를 벗었다 썼다 설정부터 너무 허술해.. 송승헌 연기 왜이렇게 올드하지?,43,1.0
watcha,택배기사,Black Knight,2023,BIGO,초반엔 볼만한가 했는데 뒤로갈수롣 왜 이래???? 후다닥 모르겠다 끝내자!!! 뭐 그런건가.. 아~~~ 뭔가 아쉽네~~  그런데.. 엄폐물이 있는 애들은 다 죽고 아군은 엄폐물 없이 어?? 뭐야!! ㅎ,112,3.0
watcha,택배기사,Black Knight,2023,한글별명,영화를 만들기 싫었는데 억지로 만든것 같다. 마치 공무원들이 일하는 것처럼.,42,2.0
watcha,택배기사,Black Knight,2023,natural_alice,몇번을 나눠봤니 나 나 이 작품 안땡기냐,22,2.0
watcha,택배기사,Black Knight,2023,조조는나의힘,이러다 넷플릭스한테  버림받겠다... 싶은 드라마   진짜 짬통에 버리고 싶다.,44,1.5
watcha,택배기사,Black Knight,2023,Hyeon.J,"고급진 좋은 재료로 잡탕을 끓였는데, 그마저도 맛이 없는 느낌. 매력 없는 캐릭터는 둘째 치고 그렇게 내키는대로 꼈다 벗었다 할꺼면 마스크는 왜 끼고, 산소 부족으로 죽거나 힘든 사람들은 왜 있는 거지?",113,3.0
watcha,택배기사,Black Knight,2023,Jiminn,"1.와 역시 김우빈 목소리랑 어깨 멋있다 2.근데 왜 김우빈만 가죽잠바 줘요? 3.그래도 그렇지 애들이름이 멍 멍멍 무쓸모가 뭡니까  뭔가 그냥 좀 세계관이 어설퍼서 공감이 안감,,,",102,0.5
watcha,택배기사,Black Knight,2023,Kyle,아니 형들 스토리는 안바랄게 제발 액션씬만이라도 좀 제대로,32,1.0
watcha,택배기사,Black Knight,2023,강현수,한국형 디스토피아 공식이 생긴듯하다. 지루하고 뻔하고... 김우빈은 제발 좋은 영화 한번 골라보자.,55,1.5
watcha,택배기사,Black Knight,2023,율솔아빠,25분 보면서 느낀점 병신 5분만에 알아봤어야지!,27,2.5
watcha,택배기사,Black Knight,2023,성범,이런 작품으로 인해 무너지는 어렵게 쌓아올린 K Label 이 걱정이다....,43,1.5
watcha,택배기사,Black Knight,2023,심야할인,김우빈 택배기사 VS 김덕배 택배크로스,21,2.5
watcha,택배기사,Black Knight,2023,라미,한국은 왜 신선하고 좋은 소재로 늘 같은 작품만 만들까...,33,0.5
watcha,택배기사,Black Knight,2023,투팍,비프보다가 볼라니까 민망해서 못보겠다..,22,1.5
watcha,택배기사,Black Knight,2023,망고바나나,뭐랄까.. 미세먼지 자욱해서 앞이 안보이는 영화로 재미없어서 기분이 나쁨이다.,43,2.0
watcha,택배기사,Black Knight,2023,권준형,데스스트랜딩과 매드맥스 사이의 어딘가?,21,1.5
watcha,택배기사,Black Knight,2023,헵번공주,4/11)티저 예고편 나옴)  https://youtu.be/mTwLY_SOytw  엘리시움.인랑.매드맥스: 분노의도로.  1%인구 남았다면서 뭘또 거기서 계급을 나눈대?.  하긴 뭐 설국열차도.. 돌연변이라서 뼈가 철로 되어있는데 어떻게 자랐어? 택배기사 신체검사할때ㅡ신체능력우수.근육량 어쩌고 하는데 그 기기에 안잡히는게 신기하네.  미래세계인데 임팩트 있는 장면이 별로 없었다.  공기 안좋다면서 마스크는 왜자꾸 벗는건데?  난민 신체검사하고 백신 맞는건 코로나 백신이 생각났다.,271,1.0
watcha,택배기사,Black Knight,2023,최선호(鎔皓),2023년 5월12일 넷플릭스공개,18,2.0
watcha,택배기사,Black Knight,2023,량량,6부작짜리 보는데 꼬박 5개월이 걸렸다.,22,2.5
watcha,택배기사,Black Knight,2023,CINEX,지루해서 혼났네 평범한 전개와 벽만큼 평평한 인물들의 성격 덕분에 CG까지 묻혔네,45,1.5
watcha,택배기사,Black Knight,2023,skysurfing,"김우빈 배우님 보려고 시작했다.  엘리시움, 매드맥스:분노의 도로, 반도가 떠오른다. 칩 심고 사람들을 손 하나 까딱해서 제거하는 건 킹스맨.  김우빈 배우님 멋지고, 5-8은 스타트렉 다크니스에서 베너딕트 컴버배치 배우님이 연기했던 '칸'이 떠올랐다. 훌륭한 연기에 목소리도 비슷하다. 이솜 배우님의 카리스마, 적은 분량에도 강렬한 존재감을 보여준 대통령 역의 진경 배우님, 송승헌 배우님의 시간은 다르게 흐르는듯.  저 상황이면 인류가 생존할 수 있을까에 대한 의문이 들었다가, 아...그러니까 디스토피아지...  비틀린 가치관을 가진 돌아이가 재력과 권력을 가지면 재앙이 온다는 것은 불변의 진리, 그래 이게 재앙이지..그래..디스토피아지.  캐스팅이 좋았다!",372,2.5
watcha,택배기사,Black Knight,2023,minnn,어쩜 좋지 정말,8,0.5
watcha,택배기사,Black Knight,2023,evillady,미술부터 구리니 연출과 배우들을 거론하기에 앞서 볼거리조차 없다.,36,3.5
watcha,택배기사,Black Knight,2023,악동이,1.3 혼탁하다,8,1.0
watcha,택배기사,Black Knight,2023,천성식,"비교작품인 최근 한국 SF물에 비하면 굉장히 깔끔한 편이다. 특히 승리호 고요의바다 정이 3연타 SF물이 폭망한 이후로... 이 정도면 괜찮지 않나? 라고 눈이 낮아진 건 아닌가 싶은 생각이 들 정도. 다만 좀 깊이가 얕다고 해야하나, 이솜도 송승헌도 진경도 남경읍도 뭐 제대로 보여준 거 없이 지나간다. 개인적이지만 김의성은 부산행이후로 너무 이미지가 고착된듯. 이경영보다도 심하다. 정치적인 발언으로 조명을 받은 이후로는 별로 보고 싶지 않은 배우. 5-7의 배유람과 무쓸모 역의 이주승이 인상깊다. 주연인 김우빈이나 강유석은 말할 것도 없다. 강유석은 볼 때마다 이미지가 변하는 게 배우로 대성할 듯 싶다. 말이 많고 말썽부리는 이미지는 분명 아니었는데. 이 역할에서는 좀 소년만화 물에 나오는 전형적인 캐릭터를 연한다. 초반에 나오는 정슬아가 너무 낯익어서 누군가했더니 우리집 엘리베이터광고에 맨날 나오는 여자였다.",460,1.5
watcha,택배기사,Black Knight,2023,김세희,유치하고 유치하고 유치하다..,16,2.0
watcha,택배기사,Black Knight,2023,박준현,매력이 없는 캐릭터와 내실이 없는 스토리,22,1.0
watcha,택배기사,Black Knight,2023,성창현,돈이 남아도나 싶다,10,2.0
watcha,택배기사,Black Knight,2023,유우,ㄷㄷ 개노잼.. 개연성 따위 개나 줘버려,22,2.0
watcha,택배기사,Black Knight,2023,조아라,임팩트가 없어.. 엔딩까지 다 보기는 했는데 재밌단 생각은 안들어요.,38,2.0
watcha,택배기사,Black Knight,2023,김동민,택배기사가 쓰레기를 갖다줬네,15,3.5
watcha,택배기사,Black Knight,2023,Vacancy,반품이요 택배기사님.,11,2.5
watcha,택배기사,Black Knight,2023,MINXU,뭔가 장대한 내용일것같았지만 그냥 그랬고 캐릭터 이름이 어찌 멍 멍멍이야ㅠㅠㅋㅋㅋ 연기하다가 웃지않은 배우분들이 대단하네,67,1.0
watcha,택배기사,Black Knight,2023,🔥불광명,"정이는 드라마였어야 했고, 택배기사는 영화여야 했다. 늘어지지 않는 쫀쫀함이였다면 매력적이었을텐데.",55,2.0
watcha,택배기사,Black Knight,2023,레빗구미,무슨 일이 일어나고 있는건지 도통 모르겠다.,24,2.0
watcha,택배기사,Black Knight,2023,은하수를여행하는히치하이커,KT&G가 후원하는 김우빈 영상화보,19,2.5
watcha,택배기사,Black Knight,2023,표정,으이그,3,2.0
watcha,택배기사,Black Knight,2023,공태건,지옥의 문 앞에서도 생각에 빠진 인간을 감싼 욕망의 세계.,32,2.0
watcha,택배기사,Black Knight,2023,학의나래,90분도 못채울 플롯으로 시리즈를 만들었네... 한국형 디스토피아 영화를 보여 준 것이 아니라 한국영화의 디스토피아를 보여줌....,73,1.0
watcha,택배기사,Black Knight,2023,이승원,여러 장면 짭지은듯,10,2.5
watcha,택배기사,Black Knight,2023,참치네🐳,6부작 안에 이것 저것 다 우겨넣은 느낌.  악의 거대 조직과 싸우는 정신 있는 소수의 무리. 그리고 주인공의 이목을 끄는 한 캐릭터의 성장. 악의 세력 처단.  여기서 악은 너무나 순수하게 본인들의 목적을 드러내고 선의 세력은 너무나도 손쉽게(?) 눈에 보이는 방법으로 해결한다.  기대한만큼 실망도 큰 작품.,174,3.0
watcha,택배기사,Black Knight,2023,박세창,어..그니까 데스 스트랜딩이랑 이퀼리브리엄을 믹스하고 싶었던거 같은데 마치 오렌지쥬스에 된장을 믹스한 느낌이네요. 그리고…마스크까지 씌워놓으니 눈빛만으로 감정전달 안되는 배우님들은 애석하네요.,107,2.5
watcha,택배기사,Black Knight,2023,김대영,[천명] 1박스 직접 수령 배달(과대포장) 완료했습니다.,31,2.5
watcha,택배기사,Black Knight,2023,나이스매니아,CG하나는 괜찮다는생각을 하나. 원작을보진않았지만 내용자체가 재미없는데 어떻게 드라마제작이되었는지.. 드라마판 인랑을보는것같았다.,72,2.0
watcha,택배기사,Black Knight,2023,RagingBull,이미 엘리시움이란 영화에서 다뤘던 주제구나. 엘리시온이 존재한다면 그렇지 않은 곳도 필요했겠지. 웃음기는 좀 빼고 엠비언스도 다양하게 꽉꽉 차 넣었더라면 몰입감이 배가되었겠다.,98,2.0
watcha,택배기사,Black Knight,2023,장민우,그래 뭐... 그럴 수 있지,15,1.0
watcha,택배기사,Black Knight,2023,seonme_z,"원작을 보진 않았지만 드라마화 되면서 속도감 조절이 잘 안된거 같아 아쉽다.  이해하는데 너무 많는 시간이 소요됨,,,ㅋㅎㅋㅎㅋㅋ 그리고 집중안됨,, ,, 몰입 안됨,,,  와 근데 진짜 ㅋ_ㅋ 송승헌 연기 다시봤다,,",122,3.0
watcha,택배기사,Black Knight,2023,쏘밥잉,다 문제인데 제일 별로인건 송승헌 연기 이글이글 눈빛만 하면 다냐,36,2.5
watcha,택배기사,Black Knight,2023,오도리,밤에 3편 보다가 잠들었는데 끝까지 봐야하나 고민중이다. 그래도 시작한거니까 끝까지 가보려 한다.,54,5.0
watcha,택배기사,Black Knight,2023,Lucy,사월이 나이가 가늠이 안간다…어리다는데 별로 안어려보여서,31,2.0
watcha,택배기사,Black Knight,2023,난범스튜디오,배경은 미래 편집은 쌍팔년도. 아무런 감흥도 못 느끼게 만드는 자동차액션이라니!,44,0.5
watcha,택배기사,Black Knight,2023,meecopy,"반품 신청할게요.  매드맥스+오징어게임+피지컬100= 한국형 디스토피아 부대찌개 그리고 하차를 무너뜨릴 유일한 희망, 김우빈",69,2.5
watcha,택배기사,Black Knight,2023,써니,그래도 끝까지 완주했다!,13,0.5
watcha,택배기사,Black Knight,2023,굽영,싸가지없고 매력없고 연기도못하는 주인공  +이솜 쓰지마..길복순때도그렇고,40,1.5
watcha,택배기사,Black Knight,2023,관우,택배기사라는 타이틀을 잘 살렸으면 좋았을 것  ps) 웹툰 원작은 어땠을까^^,43,2.0
watcha,택배기사,Black Knight,2023,까까,K드라마는 자가복제중 오늘은 여기까지,20,1.5
watcha,택배기사,Black Knight,2023,아재소방,기업에게 무한 권력을 주었을 때...기업이 국가가 되려고 통제하기 시작한다,41,3.0
watcha,택배기사,Black Knight,2023,라마,반도 보는 기분 매 초 분마다 떠오르는 다른 작품들과 장면들 어디서 본 연출 설정 캐릭터 이미지  이퀼리브리엄 설국열차 블레이드러너 매드맥스 헝거게임,83,1.0
watcha,택배기사,Black Knight,2023,씨네필보라,택배기사인가 택배기사키우기인가. 뭘 하고 싶었던 걸까,29,1.5
watcha,택배기사,Black Knight,2023,김인수,흐름이 좀 구린데... 뭐하는건가 싶음.. 높은양반은 왠 찰스자비에의 방에 있고.. 아프니까 강력한 신체 찾는 녀석.. 그리고 택배아됴띠는 히어로야..,84,2.0
watcha,택배기사,Black Knight,2023,ㄷㅋㅎㅇㅅ,이 드라마는 교과서로 써야 한다 현실감도 긴장감도 엄청나다. 전혀 안 느껴진다.,44,0.5
watcha,택배기사,Black Knight,2023,조성빈,K-설국열차의 극한 열화판,14,2.5
watcha,택배기사,Black Knight,2023,김성민,"아… 아…. 아….. 참고 본게 5화까지였는데 마지막 6화는 차라리 보지 말았어야했어. 그래도 미술이든 그래픽이든 스탭들이 엄청 고생한 흔적이 보여 3점을 줬지만 김우빈 팬이 아니라면 끝까지 보기 힘들 듯. 매드맥스, 크루먼쇼, 엑스맨, 메이즈러너, 블레이드러너, 이퀼리브리엄, 다이버전트에서 장점만 빼고 모두 따왔다.",178,1.0
watcha,택배기사,Black Knight,2023,박지돌,5-8 나왘!!!!!!!!!!!!!  욕하더라도 다 보고 욕해야하는데 진짜 ㄱ재미없음 매드맥스가 되고싶었던 클레멘타인~ 한국은 디스토피아 장르를 참 못 만든다..,90,5.0
watcha,택배기사,Black Knight,2023,Vil Andus,나만 죽을 수 없다...정말 재밌습니다. 꼭 보세요. 두 번 보세요 ㅋㅋㅋㅋㅋㅋㅋㅋㅋㅋ,48,2.5
watcha,택배기사,Black Knight,2023,배인한,기사님 드라마는 그대로 반품할께요... . . 디스토피아 분위기에 김우빈의 마스크와 착장비쥬얼은 겁나 굿. 매드맥스 +데스 스트랜딩 + 폴아웃이 생각나는,85,2.5
watcha,택배기사,Black Knight,2023,밥편식,와 내가 다 부끄럽네 미안합니다.,18,0.5
watcha,택배기사,Black Knight,2023,이다운,소재는 넘 반가운데 스토리는 예상을 하나도 빗나가지 않는다,32,1.5
watcha,택배기사,Black Knight,2023,박봉달,언젠가 좋아지겠지,9,1.0
watcha,택배기사,Black Knight,2023,구낭,아 제발 좀 하나만 집중해서 만들어라 플롯이 있기나한건지 이게 작품이 맞는지 뭘하고자 한건지 답답하다 쫌,58,1.0
watcha,택배기사,Black Knight,2023,으티,"연극무대 같은 세트와 cg 범벅은 어떻게 안 될까. ‘이 정도면 되지 않나?’ 라고 제작진이 생각한 듯한데, SF장르에서 2023년엔 이 정도로 안됨. 개판이라는 얘기가 아니라, 평범하다는 얘기. 250억 들여서 만드는 거에 평범함을 추구해서야.  아트디자인에 한계가 있다면 연출로 승부를 봐야 하는데… 성공한 것 같지 않다. 늘어지고 지루하다. 재미를 불어넣는 추동력이 부족하다. 1회 분량은 컷해도 되겠다.  결국 클리셰 투성이다. 넷플 한국 작품에서 신선하고 독특한 무언가를 보고 싶다.  <애드 아스트라> 보다가 보니 두 작품의 완성도 차이가너무 난다.",313,0.5
watcha,택배기사,Black Knight,2023,한승태,"대사가 구려서일까, 아직도 연기를 못하는 그 때문일까 답을 못 내리겠다..",41,1.5
watcha,택배기사,Black Knight,2023,마늘빵,"끝까지 보긴 했지만 너무 예측 가능해서 뒤의 이야기가 궁금하지 않고, 스윗한 송승헌은 악역에 어울리지 않고, 전반적으로 배우들의 장점이 드러나지 않는 역할과 연기였다. 디스토피아의 새로움, 신선함도 떨어진다. 그러나 그냥 생각없이 보면 볼 만하다.",138,2.0
watcha,택배기사,Black Knight,2023,위도현,시작하고 1분간 느낀 감흥이 6화 내내.  주인공이 있지만 주인공이 없다. 그래서 디스토피아 배경에서 캐릭터를 통해 얻어야 되는 것들을 하나도 얻어내지 못하고 얼렁뚱땅 그렇고 그런 흐름으로 진행되다 끝나는군.,116,1.0
watcha,택배기사,Black Knight,2023,즐겨찾기,설국열차의 꼬리칸이 생각나는 이유는 무엇일까,24,1.0
watcha,택배기사,Black Knight,2023,산산,예고편부터 냄새 맡아놓고 결국 본 나 자신에게 1점 2화까지 참고 본 나 자신에게 추가 1점,51,0.5
watcha,택배기사,Black Knight,2023,nonomor!,반도(2020)만들면서 만들었.,17,1.5
watcha,택배기사,Black Knight,2023,토니,김우빈과 SF면 이제 겁부터 난다.. 외계인이 침공할까 봐.. 그런데 거기에 송승헌이라니... 그리고 분명 배경도 대한민국 서울이고 대사에서도 어필하는데 어린 친구는 왜 계속 모든 어른들에게 반말하는 건데? 그것도 돌연변이 특징인가? 능력도 별볼일 없는데 그럼에도 불구하고 왜 모두들 이 아이를 위해서 힘을 쓰는지 이해를 안 도와주는 감독님..,192,1.0
watcha,택배기사,Black Knight,2023,최창규,설정과 비쥬얼은 좋은데 모든 것들이 너무 전형적이라 아쉽다.,33,2.0
watcha,택배기사,Black Knight,2023,맥또날드,흠..,3,2.0
watcha,택배기사,Black Knight,2023,박진홍,드라마 택배기사 넷플릭스 2023년생 5월 12일 단독공개,32,2.5
watcha,택배기사,Black Knight,2023,sponeKBG,"샤낭의 시간, 고요의 바다처럼 디스토피아 배경이며, 넷플릭스 기대보단 걱정.",42,1.0
watcha,택배기사,Black Knight,2023,june_pieces,"넷플이 디스토피아를 이렇게 재미없게 시작한다고..? 김우빈 연기는 좋은데 왜 이렇게 졸려,, 먼지 CG 탓인가 - 기대평 5/12 넷플릭스 오리지널",82,3.0
watcha,택배기사,Black Knight,2023,주렁주렁,이런 작품에....우리 우빈이 아까워...  2023.05.12. 넷플릭스,41,1.0
watcha,택배기사,Black Knight,2023,Moon heejin,진짜 오랜만에 시리즈 정주행에 실패함!! 3화부터 포기,30,2.0
watcha,택배기사,Black Knight,2023,기똥차재,택배기사는 웹툰이 진짜 꿀잼인데.....  사월이 성별 바꿀때부터 알아봤다,41,1.0
watcha,택배기사,Black Knight,2023,jh,안일하고 손쉬운 연출적 선택.  디스토피아적 상황에 어울리지 않는 어색한 의상. 억지스러운 헤어/메이크업. 코미디와 액션으로 모든걸 커버해보려는 얄팍한 수작의 연속에 질려버린다.,99,3.0
watcha,택배기사,Black Knight,2023,아게하,noooo.... jam......,19,1.0
watcha,택배기사,Black Knight,2023,Jeong Joon Oh,"주인공 올려치기, 유치한 대사, 어색한 연기, 감독의 세계관 이해에 대한 전무함 한국형 SF가 실패하는 이유는 우습게 그리고 쉽게 본다는게 가장 크다",83,1.5
watcha,택배기사,Black Knight,2023,못된고양이레오,아무 생각 없이 봐도 재미없긴 쉽지 않은데,23,1.0
watcha,택배기사,Black Knight,2023,lupang2003,노윤서의 동명의 웹툰을 원작으로 한다. 드라마는 흥미로운 소재에 비해 서사가 약하게 쌓여가고 그나마 후반부에 가서는 뻔한 전개로 마무리된다. 등장인물들도 전형적인데 그중 사월 역의 강유석은 낯선 얼굴인데도 베테랑들 사이에서 가장 유연하고 안정적으로 캐릭터를 소화한다. 코지마 히데오의 세계관과의 유사성에 대한 논란은 일단 접어두기로 하자. 몇년전부터 표절로 인한 법적싸움에 최근까지 진을 뺏던 애드 시런의 말을 빌리자면 우리가 사용하는 수 많은 음악들이 기본적인 4마디를 기준으로 변주되며 음악이 존재하는한 모두에게 그 권리는 열려있다고 했다. 포스트 아포칼립스 세계관은 그 4마디 어디즘이지 않을까. 유사성은 한계가 아니라 창작의 시작점이므로. 그러나 이 드라마의 경우엔 해당되지 않는다.,386,2.0
watcha,택배기사,Black Knight,2023,Louis G,"배경설명만  주구장창, 허세 부리다 끝?",22,2.0
watcha,택배기사,Black Knight,2023,영화보는재미,한줄평: 택배기사는 배달만 잘하면 됨,20,2.0
watcha,택배기사,Black Knight,2023,𝑷𝑷,이게 뭐지.. 김우빈 배우가 아깝다 과분하다,24,2.5
watcha,택배기사,Black Knight,2023,Seulgiroun,시작은 창대했으나 그 끝은 비참하리라... 처음엔 오 괜찮은 줄거리네? 했는데 끝으로 갈수록 왜.. 뭐.. 묻게되는 드라마  그냥 김우빈 클로즈샷만 볼만한 영화,89,0.5
watcha,택배기사,Black Knight,2023,Lily 🌱,비행 직전 택배기사만 황급히 저장하고 5시간 반의 비행시간 동안 어쩔 수 없이 다 봤다ㅋㅋㅋㅠㅠ 본지 얼마나 됐다고 결말도 잘 기억 안 ㄴㅏ...,81,1.5
watcha,택배기사,Black Knight,2023,조창환,2…20% 부족하여 2.0점;;,17,0.5
watcha,택배기사,Black Knight,2023,이상범,"사월이라는 캐릭터는 작중에 혼자서 무언가를 하지를 못한다. 아니 뭘 할려고는 하는데, 어영부영 아무것도 안된다. 슬아의 죽음, 무쓸모의 죽음으로 각성을 위한 클리셰를 두번씩이나 반복하면서 실질적으로 이뤄내는게 없다. 주변 인물들에 의해 이리저리 끌려다니고 돌연변이라는데 총맞고 안 죽은것 외에는 크게 능력이 나오지도 않는다. 그냥 움직이는 오브젝트 느낌...  돌연변이가 류석에게 필요한 이유는 단순히 본인 병을 치유하기 위함인가? 그래서 치유가 된건가? 류석의 병 치유가 그렇다고 극에 큰 영향을 미치지 않는다. 어거지로 연결고리를 만들어낸 느낌이 강하다. 5-8은 돌연변이를 지켜야하는 이유가 명확하게 설명되지않고 6화내내 천명에 대한 혐오로 가득하다.  할배와 무쓸모, 멍, 멍멍 캐릭터 너무 작위적이다. 초반에는 극 분위기를 순환시켜주는 감초들인줄 알았는데 그마저도 해내지 못하고, 여기저기 인연이 걸쳐있는 할배는 정작 중요하게 무언가를 하지도 않는다. 뜬금없이 천명회장과 안면이 있다? 설계도 줄 명분을 끼워넣은 느낌이다.  정설아 소령과 정보사 군인들 왜이렇게 끈끈한건데...정보사 부분은 그냥 극을 어거지로 전개시키려고 대충 만들어놓은 집단같다. 갑자기 단서를 발견하고 툭하면 감으로 다 때려 맞춰버린다.  오상무님 연기는 일부러 그렇게 디렉팅을 한건가? 뿐만 아니라 대사가 원작거 각색없이 그대로 가져다 쓴건지 실사화와 어울리지않고 구리다. 전부 멋드러진 대사 한번 치려고 각잡고 대기하는 느낌이 강하다.  국방장관은 갑자기 왜 쿠데타 하는건데요...류석도 차마 지 애비는 못 죽이겠어서 뒤로 구린짓 하는것 같던데 눈앞에서 부친 쏴죽인 놈이랑 그대로 쿠데타 동참을...?  류석이 난민을 배제하고 싶어하는 이유 또한 명확하지가 않다. 아니 나왔는데 내가 집중을 안해서 몰랐나..? 이 작품은 캐릭터들이 무언가를 하려고 하는것에 명확한 이유가 결여되어있다. 이유가 아예 없는건 아닌데 설명이 부족하거나 설득력이 약하다.  유일하게 좋았던건 공기로 권력을 얻은 천명이 그 권력을 잃지않으려고 오히려 공기를 오염시키고 있는 부분.  원작은 분명히 생략도 없고 더 개연성이 충분할 것 같아서 기회가 되면 원작을 한번 보고 싶다.",1083,0.5
watcha,택배기사,Black Knight,2023,EUPHORIA,약간 그러니까 무슨 느낌이냐면 헝거게임.,22,2.0
watcha,택배기사,Black Knight,2023,Erykah,와... 6부작을 다 봤는데 어떻게 내용이 이렇게 없을 수가....  6부작이 아니라 6분짜리로 만들었어야...  스토리도 재미가 없는데 인물들도 다 무매력...  어떻게 이렇게 하나같이 다 무매력이지??? 멱살 잡고 끌고 가는 캐릭터가 하나 없다.,139,2.0
watcha,택배기사,Black Knight,2023,Jamongsoda,왜??? 왜에!!! 남자로 치면 로리콘. 소년미 낭낭한 애들 귀여워.. 남경읍 원장님 요즘 여기 저기 많이 나오시는군. 재미는 있어. 근데 다소 아쉬운 건 오겜 + 헝거게임 같은 거. 오리지널리티가 좀 없다? 그리고 완성도. 결말에 너무 허무하게 매듭짓는 거. 내가 수리남 외에 꽉짜여진 작품은 못 본 것 같아. 넷플은 밀도 좀 높였음 좋겠다.,192,0.5
watcha,택배기사,Black Knight,2023,긍H우,얘드라 마스크좀껴,9,0.5
watcha,택배기사,Black Knight,2023,율은사랑,산소호흡기를 시급하게 달아줘야 할 것 같은 SF.,27,0.5
watcha,택배기사,Black Knight,2023,Deer,"배우들은 이미 깨달았지만 열심히 할 수 밖에 없었을 수도 있다. 의리가 문제다,,,,,",48,1.0
watcha,택배기사,Black Knight,2023,mgcau,웹툰을 보진 않았으나 과한 축약이 있었던 것 같다  내레이션으로 세계관을 풀이한 것도 급하게 해피엔딩이 된 것도 그런 이유가 아닐까 싶다..  디스토피아류의 SF물을 풀어냈다는점 세계관의 유니크함은 우수하다 전개보다 결말이 너무 아쉽다,131,1.0
watcha,택배기사,Black Knight,2023,김무비,본지 15분만에 산소가 부족해졌다,18,0.5
watcha,택배기사,Black Knight,2023,QueenBee,일단 제목이 너무 깬다.,13,1.5
watcha,택배기사,Black Knight,2023,하얀무지개,반품할테니 제 시간을 돌려주세요.,18,1.0
watcha,택배기사,Black Knight,2023,하진주,시작을 해버린 죄.,10,2.0
watcha,택배기사,Black Knight,2023,배정인,"흥미로운 이야기, 매력적인 캐릭터, 꽤 잘 빠진 CG…. 좋은 재료가 있으면 뭐하나? 어디서 본 듯 기시감이 드는 장면 투성이에 긴장감이라곤 1도 느낄 수 없는 액션 연출까지 전체적으로 엉망인데..  우선 포스트 아포칼립소 시대의 사람들이 꼭 그런 의상과 외모를 지녀야만 하는 강박을 좀 버리자.",165,1.5
watcha,택배기사,Black Knight,2023,Saneul,"디스토피아 영화도 많이 보고, CG 도 열심히 배우고, 과학 지식도 열심히 공부하는 팀이 만든 조별과제 같다. 당차게 시작하고 대차게 망했다.",79,2.0
watcha,택배기사,Black Knight,2023,노진경,설정과 세계관은 괜찮은데 디테일한 부분을 살리지 못해 몹시 아쉽다. 하지만 이런 시도는 ,49,1.5
watcha,택배기사,Black Knight,2023,강윤정,이걸 내가 4화까지 보고 있었다니… 시간 뒤지게 아깝네,30,0.5
watcha,택배기사,Black Knight,2023,왓챠말고와쳐,재미는 배송 안 해주는 택배기사,17,0.5
watcha,택배기사,Black Knight,2023,쥬일,한 회를 거듭할수록 실망은 배로 커졌다. 요즘 한국 컨텐츠들이 넷플릭스를 등에 업고 그래픽은 좋아지는데 반해 스토리는 점점 바닥이다.  작품들이 수없이 쏟아지는 이때에 보여지는데만 투자할 것이 아니라 이야기에 투자해야할 때라는걸 느낀다.,132,2.5
watcha,택배기사,Black Knight,2023,스케쥬리,넷플릭스 돈 이렇게 쓸거야…?!!??,20,0.5
watcha,택배기사,Black Knight,2023,맑은 하늘이 그립다,"사월은 왜 이렇게 텐션이 과하고, 5-8은 너무 어둡고. 연기는 또 왜 이렇게 허접하고. 택배기사가 쌈박질만 보고 트럭 운전실력은 안보네",76,2.5
watcha,택배기사,Black Knight,2023,DeokHee Nam,1화 하차,5,2.0
watcha,택배기사,Black Knight,2023,리쉬부르,"빈약한 내러티브 위에 어디서 본 설정은 죄다 때려 넣으니 설정조차 허술해져 구멍이 너무 많다. 애초에 내러티브가 없었으니 설정에 대한 당위성도 설명해내지 못한다. 캐릭터들은 어릴 때 보던 파워레인저 보다 밋밋하고 평면적이다. 내 청춘에서 택배기사 6화 분량 만큼을 낭비 했으니, 할 수만 있다면 반환청구 소송이라도 내고 싶은 심정이다.",187,0.5
watcha,택배기사,Black Knight,2023,갱수리,"다 보고 평가하자는 주의지만, 코어그룹 대통령 등장 이후 버티지 못하고 퇴각합니다.",46,3.0
watcha,택배기사,Black Knight,2023,달마티카,1화 보다가 끈건 네가 첨이다..,18,3.5
watcha,택배기사,Black Knight,2023,hodoo,좋았던 점 소재 하나.. 다 보고 나니 소재도 흥미 없어짐,32,2.0
watcha,택배기사,Black Knight,2023,개공,20분 정도 보고 이건 아니다 싶어서 끔 돈은 많이 발라 땟갈은 좋아보여서 별1개 2023.05.21 넷플릭수,61,2.5
watcha,택배기사,Black Knight,2023,김요환,1편보고 끔.,7,1.5
watcha,택배기사,Black Knight,2023,우희성 (코멘트맨),"어색한 액션, 예상되는 디스토피아  6화가 마지막화인데, 그냥 대충대충봤다. 도중에 천하제일택배기사 선발대회가 있는데 그게 좀 안 와닿았다. 윤사월캐릭터가 무매력이라 그런걸까..?",100,0.5
watcha,택배기사,Black Knight,2023,위로,시작할 때 세계관 설정 나레이션 설명하는 영화는 넘기면 되는군,34,3.5
watcha,택배기사,Black Knight,2023,허쉬,줄차고 내려올때 선녀인줄,13,2.0
watcha,택배기사,Black Knight,2023,트로이의코걸이,나 진짜 너무 화남,10,1.0
watcha,택배기사,Black Knight,2023,법조윤리,에헤이... 폼만 잡고 알맹이가 없네,20,0.5
watcha,택배기사,Black Knight,2023,ㅅㅁ,잠시 상상해봤는데 나라면 진작에 죽었겠지,22,1.0
watcha,택배기사,Black Knight,2023,공상,택배 천장에 부치났습니꺼?,14,1.5
watcha,택배기사,Black Knight,2023,Zakk Kim,K 디스토피아 영화는 꼭 이렇게 안 만들면 감옥가나…?,30,1.5
watcha,택배기사,Black Knight,2023,짱구는옷말려,김우빈 때문이라면 볼 가치가 있었다 결말이 너무 흐지부지 급하게 굴러가서 아쉬웠음,45,1.5
watcha,택배기사,Black Knight,2023,문화는 인문학이다,와.... 핵노잼,9,2.5
watcha,택배기사,Black Knight,2023,양기자 (YCU),"<매드맥스>, <설국열차>, <헝거게임>, 그리고 몇 년 전까지의 우리 사회 모습 등이 배송 과정에서 스쳐 지나가는 동안, 정작 이 작품만의 강점은 먼지가 되어 날아갔다.  P.S. 어차피 CG 쓰는데, 탄피 사출 장면은 어떻게 넣어주시면 안 되겠습니까? 다들 블래스터로 총질하는 거 아니잖아요.",165,0.5
watcha,택배기사,Black Knight,2023,Alex,"어색한 총격씬, 스릴도 반전도 없는 구성 근데 감독 전작들을 보니 결과가 뻔했던 것 로튼토마토에서는 80%대던데 참 보는눈이 다른듯 근데, 영어제목은 왜 black knight냐?",100,1.5
watcha,택배기사,Black Knight,2023,마햇,K-디스토피아,7,1.5
watcha,택배기사,Black Knight,2023,HAN,어줍잖은 넷플릭스 드라마 보다는 낫지만 시원시원한 느낌이 없음. 스토리도 액션도,44,2.0
watcha,택배기사,Black Knight,2023,이감자,나름 신선,5,1.5
watcha,택배기사,Black Knight,2023,영나영,"매력적인 요소도 캐릭터도 그 어떤 것도 못 찾았다. 그저 내가 보고있는 이유를 찾을 뿐. 그마저도 못 찾았다.  5-8이 젤 강력하다는 설정, 돌연변이가 존재한다는 설정 딱히 필요 없어도 될 설정들이라는 생각...  (매드맥스 + 설국열차 / 웹툰 볼 생각X)",145,2.0
watcha,택배기사,Black Knight,2023,돔잉,(생각없이 보면) 오 재밌는데....?,21,1.5
watcha,택배기사,Black Knight,2023,따홍남,국밥 배우가 나온다 해서 의심하며 시작했다. 예상대로였다,31,1.0
watcha,택배기사,Black Knight,2023,김 무앗딥 우술,별하나줄까 반개줄까 고민 했음 일단 못 만들었음 그리고 스토리를 쭉 이어가라고 6화로 만들라고 했더니 2시간 짜리를 6시간짜리로 늘린 기분이 듬 소품이나 각종 CG 분장 다 좋았던것 같음 문제는 뭐 이리 못만든거지 ? 스토리는 원래 이렇게 개판인건지 ... 알수가 없다. 이러면 넷플릭스가 투자를 한국에 하겠냐? 물들어 올때 잘하자 정말,188,0.5
watcha,택배기사,Black Knight,2023,SAN,"왜 평균별점이 이렇게 낮은거지,,? 나는 하루만에 다 볼만큼 재미있게 봤는걸,, ",45,1.5
watcha,택배기사,Black Knight,2023,해석왕 고태일,목적없이 질주하고 시청자에게 배달한다.,21,1.0
watcha,택배기사,Black Knight,2023,달세계 여행,1화 20분까지가 나의 한계치인가? 드라마의 한계치인가?,31,4.0
watcha,택배기사,Black Knight,2023,민철,주인공 성별바꾼거부터가 전혀 기대안되고 실망부터했는데 역시는 역시,36,1.5
watcha,택배기사,Black Knight,2023,youngtae,230515 ~ 230516.,16,2.0
watcha,택배기사,Black Knight,2023,조뺑,이 느낌... 낯설지가 않은데....  아 맞다!  인랑!,32,1.0
watcha,택배기사,Black Knight,2023,Seonggon Kim,빌런이 매력없고 능력도 없으면 재미가 있을 수가 없다,29,1.0
watcha,택배기사,Black Knight,2023,EdaLee,김우빈 배우님 ㅠ 제발 좋은 작품 만나시기를 바라겠습니다. 상속자들부터 팬인데~아쉽네요,48,0.5
watcha,택배기사,Black Knight,2023,미레도레미미미,ㅋㅋㅋㅋㅋㅋㅋ역시는 역시다. 기대가 아예 없어서 그런지 기대보다는 볼만했음.  2023.5.16,53,0.5
watcha,택배기사,Black Knight,2023,하경혜,쏠거야? 쏜다 간다  난 끄련다,17,0.5
watcha,택배기사,Black Knight,2023,HANs,이걸 볼 바엔 차라리 1960대 작품인 스타워즈1을 보고 또 보고싶다. 2023년이 맞나?  뭐 하나 마음에 드는 부분 찾기가 힘들다. 시청자 수준을 너무 우습게 보는 듯.,96,1.5
watcha,택배기사,Black Knight,2023,숲동주,"재밌어 재밌는데 그… CG나 결말을 향한 전개 구성 꼭 그랬어야만 했냐 6화 하늘에서 로프 타고 내려오는데서 경악을 했다 웅장한 척 하는 브금과 대사, 슬로우모션이 종종 못참겠다 헝거게임적 요소나 이것저것 짬뽕된 게 너무 많이 보이기도 하고 장황한 전개에 비해 너무 단순한 절정과 결말이 아쉽다.",165,2.0
watcha,택배기사,Black Knight,2023,김진석,"넷플릭스 코리아, 어디까지 막 퍼줄 셈이야",23,2.0
watcha,택배기사,Black Knight,2023,부영이,웬만해선 내가 디스토피아물 보면서 그냥 다같이 죽자 하진 않는데 이건 못참겠네,43,2.5
watcha,택배기사,Black Knight,2023,글락,"내가 기대한 건 데드 스트랜딩인데, 이건 뭐 세기말의 탈을 쓴 안 웃긴 코메디네. 배경 설정은 좋았는데 내용 전개는 이해되지 않는 설명으로 휘리릭 넘기고 결말은 얼렁뚱땅 지어버린다.",101,4.0
watcha,택배기사,Black Knight,2023,방한결,이거 볼 바에 쿠팡 아이쇼핑하는게 더 재밌음,24,2.0
watcha,택배기사,Black Knight,2023,Bin,별점 반개 주려다가 김우빈 봐서 한개 줬다,23,1.5
watcha,택배기사,Black Knight,2023,하으니쿠,20분도 못보고 끔. 이번에는 좀 다를까 기대했는데..휴.. 뒷내용이 안궁금해요,44,2.5
watcha,택배기사,Black Knight,2023,이종률,왜이렇게 볼 엄두가 안나냐,14,2.0
watcha,택배기사,Black Knight,2023,KJM,진짜 거짓말아니고 그냥 배달만 하는 에피소드로해도 이거보다 재미있겠다. 6화보니 스톰트루퍼도 여기있는 빌런들보다 잘쏘겠다.,68,2.0
watcha,택배기사,Black Knight,2023,손하람,끝까지 꾹 참고 다 본 나에게 별 하나 영화는 무쓸모,29,2.0
watcha,택배기사,Black Knight,2023,마른보이,재밌게 잘 봤습니다. 평점이 형편없다니....  이정도 아닌데..,36,1.0
watcha,택배기사,Black Knight,2023,조창현,왜 이리 재미가 없지,11,3.0
watcha,택배기사,Black Knight,2023,유박박,그래서 송승헌 어디아팟던건데? 돌연변이로 머고칠수있는거였는데? 그리고 큐알코드는 사진찍으면 도용할수있는거 아님?,62,2.5
watcha,택배기사,Black Knight,2023,aByss,"넷플릭스 코리아의 양날검이 안좋은 방향으로 움직일 때 이런 상황이 벌어진다.  연출적, 미학적으로 재능이 없는 감독에게 전권을 위임하면 발생하는 대참사.  액션시퀀스 디자인을 ok한 사람도 감독. 세트디자인을 ok한 사람도 감독. 각본, 대사를 최종으로 ok한 사람도 감독. 특히 인물이 계속 혼잣말을 하게 만드는 사람도 감독.  감독이 이정도 수준에서 ok를 선택할 수 밖에 없도록 제작진이 판을 짠거라면, 파트별 스태프들은 정말 반성해야 한다. 이 정도의 결과물이 나왔다는 건 명백하게 제작사고다.",280,0.5
watcha,택배기사,Black Knight,2023,김나쵸,김우빈씨 얼굴만 재밌었어요,14,0.5
watcha,택배기사,Black Knight,2023,타이슨,로켓반품 부탁드릴게요,11,1.5
watcha,택배기사,Black Knight,2023,Youngwoo Kim,"넷플릭스 제작의 단점을 모두 모은 시리즈  너무 많은 레퍼런스가 있다. 결국엔 디스토피아를 그릴 때는 비슷비슷한 미래상에서 세계관을 잘 설정해야하는데 여기선 실패했다.  넷플릭스가 감독의 고유권한을 존중하는 것에는 이햐하지만, 감독 또한 좀 더 성실한 그림을 보여줘야한다.  매드맥스부터 가타카, 자비에르 교수까지 무엇 하나 독창성을 느끼기 어렵다.  어쩌지. 돈을 효과적으로 쓰는 방법을 다시 강구해야하는 넷플릭스기 되겠다.  이런 속도감으론 아무런 SF를 이루어내지 못한다. 그렇다고 블라인드 러너같은 이야기를 하는 것도 아니고  오잉, 2화에서 이 개연성 없는 전개는, ‘시지프스’의 냄새가… 또 다시 다 보고 난 나에게 별5개를 줘야할지도…  그래, 이솜 배우의 눈화장!!!  안 좋은 이야기와 그림 속에선 좋은 배우들도 답이 없다. 그리고 안좋은 연기와 좋은 연기가 붙으면, 그냥 안 좋은 조합이 될 뿐이다.  송승헌 배우의 연기는 잘하고 싶은 건 알겠는데, 외모가 한계이다.  얼마 들인 SF인지 모르겠지만, 이 정도면 너무하다 싶을 정도의 미래상이다. 어딘가는 현실의 근접점, 어딘가는 그들만의 설정, 악역의 이해 안가는 분노 지점. 일단 시작점의 택배기사가 중요한 역할인데 전반적으로 엉성하다. 엉성하려면 ‘제다이’ 정도의 설정은 있어야 하고, 미래의 택배기사라면, 저지드래드 정도의 코스튬이 필요했다.  너무 큰 이야기에 너무 많은 캐릭터들의 조합. 원작이 있다면, ‘각색’이라는 일도 할 줄 알아야 한다.",740,2.0
watcha,택배기사,Black Knight,2023,Im Park,이해가 안되네 이렇게 만들거면 안만드는게 낫지 않나?,29,0.5
watcha,택배기사,Black Knight,2023,🐾🐾,귀하디 귀한 아포물… 그치만 뻔하디 뻔함 ㅜ,24,2.0
watcha,택배기사,Black Knight,2023,상길,극 중 배경은 2071년인데 SD메모리카드를 쓴다  감독이 올드한 감각을 가져 각본이 좋지 않지만 심심풀이로 볼 수 있는 드라마  2화까지 봄,79,1.0
watcha,택배기사,Black Knight,2023,얇고넓게,77년도 연출,7,0.5
watcha,택배기사,Black Knight,2023,E♡,"아니, 난민 출신 소년이 택배기사로 성장하는 이야기라며. 사월이 도대체 왜 나온 거임? 택배기사 선발되고 난 후에는 한 게 없음.ㅋㅋㅋ  우빈씨 카리스마 있어서 멋있긴 한데, 전체적으로 스토리가 빈약하고 캐릭터에 설득력이 없네. 류석은 도대체 왜 그렇게까지 하는 건지도 모르겠고. 게다가 5-8과 함께 하는 이들은 그 어떤 총알도 비껴나가는 천하무적이시다.ㅋㅋㅋ 연출과 각색의 문제인건가.  휴. 늘 우리에게 물건을 배달해주시는 이땅의 수많은 택배기사님들께 감사의 인사를 전합니다.",269,2.0
watcha,택배기사,Black Knight,2023,서영,마스크는 폼으로 쓰나요… 간지부릴때마다 벗어재끼면 진작 폐 굳었을 것 같은데,42,2.5
watcha,택배기사,Black Knight,2023,Keonhyung Kim,얄팍함과 조악함 그 사이 어딘가 멍 멍멍 무쓸모에서 멈췄다면 좋았을걸.... 감독의 필모가 퀄리티를 보장해 주지 않는다는 좋은 예,72,0.5
watcha,택배기사,Black Knight,2023,이성민초천재,기냥 김우빈 멋있다 끝.,13,1.0
watcha,택배기사,Black Knight,2023,모나도,소령 끗발이 이렇게 대단하다니..ㅎㅎ  무엇보다 건방지고 예의없는 놈은 딱 질색..  넷플아..제발 아무거나 사주지마라..쫌,69,0.5
watcha,택배기사,Black Knight,2023,김제민,"아다만티움에 힐링팩터까지 있는 주인공 때리는 데 멀쩡한 놈들이 더 대단! 공기 질이 개판이라는데, 심심하면 마스크 벗어제끼는 데 괜찮는건가??? 게다가 메인 두 가지 스토리 라인이 전혀 어울리지 못하는 게 참 가슴이 아프다. 오버 테크놀로지와 매드 맥스 같은 세계관이 재미는 있기는 한데, 너무 틀에 박힌 캐릭터들 뿐이라 아쉬움이 남는다. 6편 뿐인데, 2, 6편은 너무 과하게 질질 끈다. 그래도 나름 6편 뿐이라 부담없이 잘 보았다. 김우빈 잘 생겼다~",255,1.0
watcha,택배기사,Black Knight,2023,반성문을영어로하면글로벌,택배 올 때 문자는 안해주나요,16,1.0
watcha,택배기사,Black Knight,2023,k_zioh,정말 이렇게 쉽게 평화를 되찾은건가요..?,23,2.0
watcha,택배기사,Black Knight,2023,이대성,택배가 아니라 용달화물,12,1.5
watcha,택배기사,Black Knight,2023,김지윤,그냥 김우빈 영화,9,1.0
watcha,택배기사,Black Knight,2023,notme,그나마 김우빈 잘생겨서 2.5점 줌,19,2.0
watcha,택배기사,Black Knight,2023,미쿠온니,너무나도 구립니다 이게 2023년 대한민국의 드라마입니까?,32,1.0
watcha,택배기사,Black Knight,2023,이국영,힘듦. 눈이 아픔.,10,1.0
watcha,택배기사,Black Knight,2023,zino,인타임 매드맥스 듄 엑스맨 승리호 쇼미더머니 프로듀스101 반도,35,1.5
watcha,택배기사,Black Knight,2023,MaD RaKun,"원작 웹툰을 보지는 못하였으나, 너무 원작에만 충실했던게 아닐까 하는 생각을 지울 수 없다. 흔하다면 흔하지만 흔치 않게 풀어갈 수 있을 이야기를 너무 쉽게만 풀어쓴게 아닐지.",98,1.0
watcha,택배기사,Black Knight,2023,제리,미래배경인데 자동차도 그대로 먹는거도 입는거도 다 그대로인.. 택배기사가 뭔 매력이 있어서 존경받는지 이유를 모르겟음 난 하기싫을거같은디. 전투씬 진짜 상식밖으로 이상함. 자기편한테 뒤에서 총을 쏨ㅋㅋㅋ 클리셰 범벅이라 이 스토리 그대로 시대배경만 100년전으로 해도 될 듯.,154,3.5
watcha,택배기사,Black Knight,2023,Ho,한국형 디스토피아에대한 시도만 좋았다 ㅎ,22,3.5
watcha,택배기사,Black Knight,2023,pink_latte,집중해서 봤으면 억울할뻔,13,1.0
watcha,택배기사,Black Knight,2023,미후랑인,감독… 하긴…사실 감시자들이나 마스터나 전부 별로긴했어…,31,0.5
watcha,택배기사,Black Knight,2023,Phil,1점주러왔다가 평점이 1.1이길래 안타까워서 2점 줌,29,0.5
watcha,택배기사,Black Knight,2023,지구별여행자,디스토피아/아포칼립스 세계관에 대한 어정쩡한 구축은 그렇다치고 왜 매번 매드맥스나 북두의 권을 차용하는 건가.  원작이 궁금해지긴하다.,75,0.5
watcha,택배기사,Black Knight,2023,현석2,넷플릭스야...제발...ㅠ,14,0.5
watcha,택배기사,Black Knight,2023,네티,무슨 생각을 하면서 만들었을까 왜이렇게 만든거지 랩나올때 쫌 힘들었지만 다보긴했는데 진짜 물음표임..별하나인건 그래도 보면서 지루하다는 생각은 안들었음 오글거리긴해도,92,2.5
watcha,택배기사,Black Knight,2023,태욱,와 이건 도저히 못보겠다. 2화에서 포기. 버틸수가 없네,31,0.5
watcha,택배기사,Black Knight,2023,seon,혹시 당신이 1편을 봤는데 아 이거 쎄하네 하고 껐다면 당신은 6시간의 수명을 아끼었다,48,3.0
watcha,택배기사,Black Knight,2023,혀니,너무도 뻔한 영웅물. 조력자로서의 김우빈은 너무 미미했고 주인공 또한 천둥벌거숭이 그이상도 이하도 아니다. 송승헌의 행동은 예측을 하나도 벗어나지 못한 어리석은 빌런일 뿐이었다.,99,1.0
watcha,택배기사,Black Knight,2023,영화보는선,7세 수준으로 다 설명해주면 어쩌자는 거지.. 보는 사람에게 생각할 거리를 1도 안 주는 영화,52,0.5
watcha,택배기사,Black Knight,2023,박병호,어색한 사이,6,1.0
watcha,택배기사,Black Knight,2023,잉어,용서는 우리에게 비는게 어떨지...,19,3.5
watcha,택배기사,Black Knight,2023,isco,이 10분을 위해 6시간을 달렸어야 했을까?,24,3.0
watcha,택배기사,Black Knight,2023,송송이,항마력 부족으로 인해 2화에서 종결,19,2.0
watcha,택배기사,Black Knight,2023,TaeLee,혼잣말 좀 하지마..제발..!,16,1.5
watcha,택배기사,Black Knight,2023,현석,난잡하고 세계관 설명이랑 연기도 어색함 이런거 그만 만들면 좋겠음,36,2.0
watcha,택배기사,Black Knight,2023,데거트,QR코드~ 정말 MZ~ 한걸~~,17,3.0
watcha,택배기사,Black Knight,2023,bogo,매드맥스 분위기와 유사함  1회 설정은 흥미로움  3회 지옥의 문 택배기사 선발대회   4회 결승전  5회 5-7  6회 마지막 천국이었던 곳이 지옥이 되는 아이러니 다시 되찾을 평화,102,0.5
watcha,택배기사,Black Knight,2023,김영래,적어도 6화까지 다보고 평 쓰자.  SF장르에 도전하는 용기에 박수.  3화 패싸움씬으로 시작하고 이야기를 풀었으면 어땠을까.,70,1.0
watcha,택배기사,Black Knight,2023,Danny S Kim,1화는 간신히 넘겼는데… 나머지는 유튜브 요약으로 볼란다…  연출은 할 수 없지만… CG하는 사람으로 CG는 대신 사과한다… ,70,2.5
watcha,택배기사,Black Knight,2023,홍디,끔찍한경험,5,1.5
watcha,택배기사,Black Knight,2023,Ahn.JS,조잡함 그 자체. 이런 결과물이 계속 되면 한국 SF장르는 절멸해도 할 말이 없다.,46,1.5
watcha,택배기사,Black Knight,2023,약용,스토리 연기 연출 다 별로,14,0.5
watcha,택배기사,Black Knight,2023,한수,아 재미없다,6,1.0
watcha,택배기사,Black Knight,2023,이은지,한국 디스토피아 응원합니다.,15,0.5
watcha,택배기사,Black Knight,2023,TAL,1화보다가 퇴각 상당히 짜치네...,19,2.5
watcha,택배기사,Black Knight,2023,박두영,감독 진짜 디지고싶냐?,12,1.5
watcha,택배기사,Black Knight,2023,한끼밧데리,"뭐하나 참신하거나 새로운 건 하나도 없고, 매드맥스+헝거게임+토탈리콜등등 여기저기서 따온 듯한 설정들. 대한민국만 공기가 저모양인건 아닐텐데, 어째서 난민이라 불리는 무리 중에 외국인은 한명도 안 보이지? 내가 못 본거야? 지금도 다인종을 흔하게 볼수 있는데, 저 미래엔 외국인들 죄다 멸망이라도 한건가?",170,1.0
watcha,택배기사,Black Knight,2023,금이,하 스토리 참 지저분하다. 어디서 봤던 거 범벅. 초반은 유치&오글 거리고 후반은 스토리 잘 전개되나 싶더니. 그냥 회장 할아버지가 마무리 할 때 멈췄으면 좋았잖아~,92,0.5
watcha,택배기사,Black Knight,2023,Skarsgård,이건 … 정말 심하네요.,13,0.5
watcha,택배기사,Black Knight,2023,나낭,1화 30분까지 봤는데 재미없어서.. 잠시 하차함. 더 보면 재밌나요…? 내 인내심이 부족한거 아니지? 연기 연출 시나리오..와 내가 왜 부끄럽지..,83,3.0
watcha,택배기사,Black Knight,2023,슐리킴,이제부터 조의석은 믿고 거른다.,17,2.5
watcha,택배기사,Black Knight,2023,뿌연,택배기사들이 존윅뺨치게 총안맞음 내용은 크게 뭐없음 모순적인 캐릭터가많음 돌연변이도 뭐가없넹 김우빈을 이렇게밖에 쓸수없었나 아쉽,71,0.5
watcha,택배기사,Black Knight,2023,Craig00se7en,볼만은 했는데 그 이상 그 이하도 없었다. 차라리 줄여서 영화로 만들지... -20230514-,53,0.5
watcha,택배기사,Black Knight,2023,노근우,원작 없는 제목만 같은 개별 드라마,19,1.5
watcha,택배기사,Black Knight,2023,박지은,끝까지 다 본 나 너무 칭찬해...,19,2.5
watcha,택배기사,Black Knight,2023,Vonchio,"#택배기사 #하드보일드 #SF #액션 #디스토피아 #포스트_아포칼립스 #웹툰원작  ☞ 제작비 23Billion. 편당 얼마냐? 230억 ÷ 6 = 대략 38억???  이래서 처음이 중요하다! 헐값에 승리호 만들어 납품하니까 계속 최저 제작비로 후려치는 넷플릭스....  #송승헌 오랜만에 보니 좋기는 하다만 발전이 없네? #김우빈 친구2, 마스터의 연기에서 벗어나지 못한 아쉬운 하드웨어. 담엔 좀 연습 더하고 오자 #이솜 액숀연기는 다시는 하지마라. 느리자나! #강유석 지켜봐야지. 떡잎인지 잡초인지 #진경 대통령 이름이 채진경이야 ㅋ. 믿보배 #김의성 뚝딱할배? 없었으면 어쩔??? #남경읍 배우가 그리없더냐??? 미스캐스팅  P.S 주제는 좋은데, 원작 스토리도 좋았을텐데 이걸 이렇게 용두사미로 말아먹나? 카스트 철폐를 위한 흑기사들의 노력이 결국 돌연변이 수혈받은 류석이 살아나 다시 한 번 도전에 맞닥뜨릴 파트2가 전혀 기대가 안돼!!!  ☞☞☞ ★★☆",483,0.5
watcha,택배기사,Black Knight,2023,한상천,나름 킬링타임용으로 좋았음,14,1.5
watcha,택배기사,Black Knight,2023,쇼파에서 영화 보는거 좋아함,다른건 모르겠고 이솜 미쳤다! 근데 후속작은 나오지마!,30,4.0
watcha,택배기사,Black Knight,2023,이댄,- 그렇게 하루하루 조금씩 작아지는 슬픔을 안고 살아가다 보면 그게 그리움이 되더라,46,0.5
watcha,택배기사,Black Knight,2023,유영규,"흥미로운 세계관 대비 다소 아쉬운 스토리. 시즌1 규모면 영화 1편정도는 끝내줘야하는데, 3시간 동안 영화 10분도 못 끝낸 느낌이다. 세계관의 크기가 작았거나, 큰 세계관을 담을 그릇이 부족했거나.",111,0.5
watcha,택배기사,Black Knight,2023,자세히,얼굴만 보면 분명 재밌어야 하는데 왜 재미가 없는가... 강유석 빛나야 하는데 정말 아쉬움이 크다. 1화부터 옥의티 파티. 그러나 디테일을 논하기 전에 그냥 재미가 없었다.,96,1.0
watcha,택배기사,Black Knight,2023,dreamer,설정이 나쁘진 않은데 진짜 지루하고 핵노잼이라 뭐 더 할 말이 없다 강유석 좋아서 끝까지 참고 본 나 자신에게 박수 ,65,3.0
watcha,택배기사,Black Knight,2023,조병운,우웩,2,0.5
watcha,택배기사,Black Knight,2023,Scruge,소령 따리가 이렇게 설칠 수 있는 것만 해도 이 세상은 망할대로 망한 세상.. 4화 중도하차합니다..,56,0.5
watcha,택배기사,Black Knight,2023,sunny7,극본 연기 연출 모든게 총체적 난국. 촌스러운 음악과 효과음 최악. 뭐하나 칭찬할게 없다.,50,0.5
watcha,택배기사,Black Knight,2023,박민제,좀 더 쌔끈하게 만들 수 있었을텐데 이렇게 좋은 소재에 연출이랑 브금 무슨일이냐 너무너무너무너무너무너무 아쉬웠음,62,1.5
watcha,택배기사,Black Knight,2023,20190618,"디스토피아 세계관 너무 좋아하는데 너~무 만화같고 조금 엉성하다고나 할까? 대사들도 유치하고… 웹툰이 잘 됐으니까 드라마를 만들었을텐데, 드라마를 보고 있으면 원작에 대한 의심(?) 마저 생겨버린다. 무엇보다 중요한 내용들(광산의 비밀, 택배기사 시험, 난민 쿠데타, 결국 류석이랑 싸우는 이야기) 뒤죽박죽 해서 뭐 하나에 집중을 못함. 세계관에 대한 흥미 자체로 한 3편까진 재미있게 봤으나 그 뒤는 정말 별로임.  단지 중간에 나왔던 대사, ‘세상이 망한 뒤로’ 택배기사의 과로사는 처음이라는 말이 기억에 남는다.",289,3.5
watcha,택배기사,Black Knight,2023,도비,연기력 문제의 원인은 시대 흐름을 읽지 못하는 대사들이다. 청춘의 반항? 아오 모니터 부술 뻔.,53,0.5
watcha,택배기사,Black Knight,2023,돈만스키보드워리어,반품,2,2.5
watcha,택배기사,Black Knight,2023,박동민,"김우빈, 이솜 작품 고르는 폼 미츳따이- 믿! 거!",28,1.0
watcha,택배기사,Black Knight,2023,영화기록,무난하게 봤는데 내 수준이 낮은건가보다 내가 엄청 높은 평점을 준거였네..ㅋㅋ,43,2.0
watcha,택배기사,Black Knight,2023,Fanyk,역시 외계인이야,8,2.0
watcha,택배기사,Black Knight,2023,Nam Hyun Kim,3분 잘 봤습니다.,10,2.0
watcha,택배기사,Black Knight,2023,스티븐호갱,근미래 디스토피아는 한국이랑 안맞나봄. 왜냐면 지금 이미 디스토피아라서.. 걍 잘 하는 걸 더 잘합시다. 그리고 현실에서 5-8 처럼 멋있는 줄 알고 읇조리듯 혼잣말 하는 남자 보면 되게 싫을 것 같음.너무 만화의 문법에 맞춰 대사를 쓴 느낌임. 충분히 표정연기로 설득 할 수 있는 배우들인데도 못 살린 것 같음,174,0.5
watcha,택배기사,Black Knight,2023,박직원,머리에 총 맞았는데 어케 삼 ? 어찌저찌 살았다쳐도 총 맞은 곳에 또 빠따 맞았는데 어케 삼?... 어이업서요..,63,1.0
watcha,택배기사,Black Knight,2023,김동준,산소대신 영상과 관련된 모든 것들이 부족한 느낌이 드는 아쉬운 작품 하지만 계속 시도해 줬으면 하는 바람.  번외로 영화나 드라마가 음식처럼 한입으로 판단할 수 있는것도 아닌데 다 안보고 별점과 평 모두 남기는 관객들도 결국 아쉽지만 같은 수준.,137,1.0
watcha,택배기사,Black Knight,2023,collinina,초반 3분 정도 인트로 보다가 끔..ㅜ,21,1.0
watcha,택배기사,Black Knight,2023,짜사이,오징어게임....?? 재미가없을꺼면 캐릭터라도 매력있던가 다 별로임,37,1.0
watcha,택배기사,Black Knight,2023,서재진,아직도 이런게 통할거라고 생각하는 안일한 기획,25,3.5
watcha,택배기사,Black Knight,2023,반도진,와... 김우빈 존나 재미있다. 딱 그것뿐임..ㅇㅇ... 얼굴에 재미있어서 4점임.. 다른건 없어.. 얼굴에 재미있어..!,68,1.0
watcha,택배기사,Black Knight,2023,leeeee,진짜 구리다.. 온힘을 다해서 구리다 모든 노력과 모든 컷이 그저 영상 쓰레기다.  천명그룹은 택배기사 관리하는 중간관리자가 없나? 1분단위로 관리 된다는식으로 말했던것 같은데? 일하다가 꽤 오래 택배차에서 내려서 일을 안해도 아무런 패널티 발생이안되나..  1화부터 찐하게 나는 망한 넷플 시리즈 냄새...  연출이 전체적으로 다 느린느낌 컷도 느리고 액션도 느리고.. 느려  와 참고참고 참았는데 6화에서 지들이 저격 실패해놓고 오상무가 배신했다고 할때 얼척없었다  니들이 무슨계획이였는지 시청자한테 안알려준것같은데 아무리 봐도 그냥 계획 실패였잖아? 무슨..소리지?  와 6화에 모든역량을 다써서 세상에서 제일 구리게 만들었다 진짜 최선을 다해서 못만든 영상 top1에 들수도 있겠는데,386,1.0
watcha,택배기사,Black Knight,2023,뉴진스,한국 드라마의 발전을 위해 별 반점. 하지만 용두사미 웹툰 원작을 그대로 잘 살림.,46,0.5
watcha,택배기사,Black Knight,2023,안재석,"어떻게 1화마다 한 번씩 졸게 만드나, 이 것도 재능이다.",32,1.0
watcha,택배기사,Black Knight,2023,RUSH_E,"'SF엔 매일 한국이 없었지. 용두사미는, 넷플릭스 그런데 오랜만에 나온 SF.' (자이언티- 양화대교)",58,1.0
watcha,택배기사,Black Knight,2023,mapd,몰입하기 차아아암 힘들게도 만들어놨네,20,0.5
watcha,택배기사,Black Knight,2023,쨍하고 해뜰 날,너무 재미 없어서 안구 폭행미수로 경찰서에 신고하고 싶다,31,1.5
watcha,택배기사,Black Knight,2023,박민진,"김우빈이 주연이 되면 안되는 극인데도 불구하고, 어떻게든 김우빈 캐스팅을 뽕뽑아 먹겠다는 발악.",53,1.0
watcha,택배기사,Black Knight,2023,똥깡,이거 만들 제작비로 벡터맨 리메이크나 해주지.,25,1.0
watcha,택배기사,Black Knight,2023,썸머,뻔하고 유치하지만 나이스한 작품,17,3.0
watcha,택배기사,Black Knight,2023,탄수화물택배,저게 미래라면 지금 3M마스크 주식을 산다.,24,0.5
watcha,택배기사,Black Knight,2023,김정수,용두사미,4,1.0
watcha,택배기사,Black Knight,2023,유잣차,아 제발,4,0.5
watcha,택배기사,Black Knight,2023,Jay,"오락성이 있는가? No 밥 친구로 가치가 있는가? No 여운이 남는가? No  아, 딱 하나 김우빈 얼굴이 존잼",62,2.0
watcha,택배기사,Black Knight,2023,GodsGRACE,다 보긴 했는데 솔직히 재미없습니다 ㅠ,21,1.5
watcha,택배기사,Black Knight,2023,로지,이게 최선입니까??? 맨처음 QR코드 나올 때 부터 내가 이럴 줄 알았어...,43,1.0
watcha,택배기사,Black Knight,2023,송둘기,요즘 한국 시청자들 눈이 얼마나 높아졌는데..ㅠ,26,0.5
watcha,택배기사,Black Knight,2023,경짱,왜 K콘텐츠는 자꾸 <클레멘타인>에게 도전하는가,26,1.5
watcha,택배기사,Black Knight,2023,김선경,큐알코드요…?,7,2.0
watcha,택배기사,Black Knight,2023,무치,….? 왜 이제는 명백하다고 할 수 있는…. 망하는 요소들을 알차게 꾹꾹 눌러 담은거지…?,50,2.5
watcha,택배기사,Black Knight,2023,young,ㅋㅋ.. 내주말..,10,1.0
watcha,택배기사,Black Knight,2023,소히,김우빈 잘생겨서 2점 + 강유석 귀여워서 1점,25,0.5
watcha,택배기사,Black Knight,2023,프로산책러,친절도 적당히 해야지.. 과하면 질린다규!,23,1.5
watcha,택배기사,Black Knight,2023,CAROL,클리셰 모음집,7,1.0
watcha,택배기사,Black Knight,2023,SungChanChoi,... 진심 최악이다. 서울대작전 보다 더 한 녀석이 왔...구...나...,42,0.5
watcha,택배기사,Black Knight,2023,정화찡,"와,, 내 토요일  반전은 없었고, 진짜 CG 너무했다 싶었는데 전체적으로 다 너무 했다.",50,2.0
watcha,택배기사,Black Knight,2023,ssamba1980,이런거 볼 시간없다 이놈들아 너무 기대했다 ㅠ,25,2.0
watcha,택배기사,Black Knight,2023,구몽구,구구절절 잼없당,8,3.5
watcha,택배기사,Black Knight,2023,Summer,너무하다 정말,7,2.0
watcha,택배기사,Black Knight,2023,maru,드라마는 조졌던데... 원작은 어떤걸까...  윤사월 얘는 왜 나와서...?  6화에서 갑자기ㅋㅋㅋ 다 투다다다 죽이고 해피엔딩 땋...,76,0.5
watcha,택배기사,Black Knight,2023,dltcmal,"오프닝 5분만에 망작의 삘이 심하게나네.  극중 이솜의 대사 ""발전이 없어""  믿고 거르는 넷플릭스한국형sf 230513",67,1.5
watcha,택배기사,Black Knight,2023,정현우,"이렇게 간단한 거였으면 걍 진작에 반란 일으키지, 그랬냐?(작전 없이 걍 무대포 전진) 근데 또 돌연변이는 무슨 언급만 하고 끝나지! 송승헌은 대체 무슨 병에 걸린 거지? 뜬금 힙합노래는 어색하기만 하고...  조의석 감독님의 전작 마스터가 그랬던 것처럼 후반부 급전개가 앞서 나왔던 위기와 위협들이 무의미 한 것처럼 보이게 만들었다  차라리 시즌2를 염두에 두고 천천히 전개를 이끌었으면 좋았을 것 같다  기본적인 설정들은 너무나 매력적이었는데...",252,2.0
watcha,택배기사,Black Knight,2023,망똘,0.5점 주는데 걸린 시간. 단 9분,20,1.5
watcha,택배기사,Black Knight,2023,leo8099,이게 뭐다냐,6,1.0
watcha,택배기사,Black Knight,2023,박상헌,"김우빈,이솜,이주승같은 매력적인 배우들 데리고 도대체 무슨 짓을 한거임?",40,1.5
watcha,택배기사,Black Knight,2023,우진박,.,1,1.5
watcha,택배기사,Black Knight,2023,Jung Q Lee,"같이 보는 사람과 함께, 황당한 장면이 나올때마다 와 이거 뭐임 ㅋㅋ 낄낄대며 보면 나름 즐거운 콘텐츠가 있다. 조건은, 그 콘텐츠가 노골적으로 비웃어도 될만큼 형편없어야 하며 그걸 모두가 동의할 수 있을만큼 형편없어야 하며 까대던 것이 미안해지지 않도록 훌륭한 장면이 끝내 나오지 말아야 한다. 지금까지는 딱 재밌게 보고 있다.",184,0.5
watcha,택배기사,Black Knight,2023,YNWA,그놈의 웹툰 원작....,13,1.0
watcha,택배기사,Black Knight,2023,Roy Pèrez,1화부터 6화까지 다 봤다..... 진짜 끝장날 정도로 뒤지게 못 만들었다..... 장점을 찾기도 힘들 정도로 말이다 특히 내 이름은 멘토다가 진짜 최악,85,2.0
watcha,택배기사,Black Knight,2023,아이엠그루트,이솜님은.. 그냥 이런거 말고 모범택시 시리즈에 계속 남아주셨었으면 좋았을텐데..,45,3.5
watcha,택배기사,Black Knight,2023,미카시,ㄹㅇ 걍 택배기사님들 하루 업무 쫓아다니는게 더 흥미로울듯,32,1.0
watcha,택배기사,Black Knight,2023,나는개똥벌레,송승헌은 언제까지 멋진척 할래 제발 내려놓고 왕푼수 하찮은 연기 해줘 그게 훨씬 먹히니까 얼굴이 아까워서 그래요,62,3.5
watcha,택배기사,Black Knight,2023,콩지민,김우빈 멋있는건 다한다 ㅎㅎ 근데 진짜 멋은 있다 ,28,0.5
watcha,택배기사,Black Knight,2023,쇼쥬,시작한지 5분이면 답나온다.,15,0.5
watcha,택배기사,Black Knight,2023,수진,와 진짜 코멘트 쓸 엄두도 안난다....,22,1.0
watcha,택배기사,Black Knight,2023,wony,그냥 봤다.. 김우빈 멋있네,15,0.5
watcha,택배기사,Black Knight,2023,그레이트웅,바깥은 누런 k매드맥스 내부는 벡터맨 셋트장 그리고 노.상.방.뇨 이정도면 호러영화임,47,1.5
watcha,택배기사,Black Knight,2023,MinSung Kang,1화 20초 안에 포기한 작품은 처음.. 그중 10초가 넷플릭스 로고,38,1.0
watcha,택배기사,Black Knight,2023,뿜뿜,대사도 진행도 연기도 모두 유치해서 깜짝 놀랐다.,27,0.5
watcha,택배기사,Black Knight,2023,다빈,"진부한 스토리, 지루한 연출, 구린 음악 세계관과 그 세계관을 그려낸 cg, 배우들은 괜찮았음",52,3.0
watcha,택배기사,Black Knight,2023,뚜벅이,재미는 없는데 김우빈이 멋짐,15,0.5
watcha,택배기사,Black Knight,2023,디오니소스,작가가 매드맥스 광팬인듯ㅡㅡ;; 복사하는수간 호기심은 사라짐 그리고...연기들은 왜 다 이러냐구ㅜㅜ 제작비가 아깝다;;;,67,1.5
watcha,택배기사,Black Knight,2023,옹천,1화 보고 떠납니다..,12,0.5
watcha,택배기사,Black Knight,2023,아스탄,조기반품.,5,3.0
watcha,택배기사,Black Knight,2023,김형석,10분 보다 껐는데 그냥 안봐도 될거같아요,23,4.0
watcha,택배기사,Black Knight,2023,포코,"꽤 높은 수준의 CG, 미디어아트를 뭉개는 뻔한 연출력. K-디스토피아를 담은 매드맥스를 꿈꿨지만 현실은 상암동의 한줌 흙먼지가 되어.",75,1.0
watcha,택배기사,Black Knight,2023,유승민,코끼리를 냉장고 위에 두고 만족해버린듯한 넷플릭스식 문제점,32,4.0
watcha,택배기사,Black Knight,2023,만수무강,6부작으로짧길래 1화본김에 다봤다...제발 주인공 무적버프좀없애라ㅋㅋ마지막 전면전 맞다이뜨는데 주인공편은 기관총에도 한발도안맞더라 어휴,75,1.0
watcha,택배기사,Black Knight,2023,Sweet but psycho,"오징어 게임 + 마이네임 + 사냥의 시간 + 등등..  사냥의 시간 디스토피아 세상에서 오징어 게임하고 마이네임 하고… 디스토피아 세계관으로 설정을 해놨으면 그 세계관 안에서만 할 수 있는 것들을 보여줘야 하는데, 세계관은 세계관대로 이야기는 이야기대로 따로 놀다보니 어디서 많이 본 것 같은 드라마가 돼 버렸다.",175,4.0
watcha,택배기사,Black Knight,2023,산딸기,끝내 배송받지 못한 '재미'라는 이름의 택배.,25,1.0
watcha,택배기사,Black Knight,2023,김0100,10분 버티기도 힘든.. 일말의 희망도 없는 절망을 마주한 느낌,35,1.0
watcha,택배기사,Black Knight,2023,펭귄펭펭해,6화까지 꾸역꾸역 다봄 유치하고 개연성없고 재미없음  게다가 원작에서 사월이가 여자라며.. 보다가 짜게 식음 ㅋㅋㅋㅋㅋㅋ,67,0.5
watcha,택배기사,Black Knight,2023,김재희,설국열차+오징어게임+분노의질주+wwe 온갖 좋은 재료 다 때려박았는데 간이 실패한 느낌. 딱 예상했던 클리셰(콤플렉스있는 빌런+사연있고 비밀있는 주인공),85,1.0
watcha,택배기사,Black Knight,2023,바애,시각적 볼거리와 설득력있는 연출이  의외로 몰입하게 만든다. 배우들의 비쥬얼적 매력도 판타지적 이야기에 현실성을 덧입혀준다.,69,1.0
watcha,택배기사,Black Knight,2023,김영언,"절망적이다. 톤, 캐스팅, 개연성 모두 절망적이다. 예를 들어 사막이 됐다면서 하얀종이를 계속 쓸 수 있다는 건 시청자를 바보로 여기는 것.  (보는중 코멘트) 1화는 엉망진창이구요",101,2.0
watcha,택배기사,Black Knight,2023,쿨쿨,2023.5.12 넷플릭스 시리즈 드라마라 기대한 드라마 그냥 무난무난하게 재밌게 본것같다 김우빈이 너무 멋있었다 노윤서의 분량이 적었던게 아쉽다 연기들도 나쁘지않았던것같고 원작에서 크게 벗어났던것같지 않다 6화에 급마무리 한 감이 있긴하다 액션도 기대이하였다 그냥 킬링타임용으로 재밌게볼만하다 한번쯤은 볼만한작품,175,2.5
watcha,택배기사,Black Knight,2023,오마이코넬,기대를 안 했는데 기대 이하.,16,2.0
watcha,택배기사,Black Knight,2023,성이,노윤서 나와서 보려고햇는데 와 진짜 재미없다..,26,1.5
watcha,택배기사,Black Knight,2023,교주와신도들,김우빈 나오는 순간 한치의 예상을 못 벗어남  뭐 디스토피아 배경이라도 코믹한 표현 연출 못한다는 법없고 그런류의 코미디도 많으니까  하지만 진짜 문제는 그러는 와중에 김우빈은 본인 트레이드 마크인 똥폼잡기 이게 너무 따로논다는거 그리고 초저렴한 싸구려 CG + 손발 오글어들버린 컨셉 그 컨셉하고 또 따로노는 대사 그리고 연출  돈처발라서 만든 21세기 폐기물 이게 실체없는 코인만큼은 아니지만 뭔가 묘하게 비슷한 구석이 있음.,240,3.0
watcha,택배기사,Black Knight,2023,PSwind☆,못보겠다...도저히.....보다지친다...액션도....연기도...진짜...휴...그냥..감시자들이나 한번 더봐야겠다. .,67,2.5
watcha,택배기사,Black Knight,2023,라마,디토피아는 모 아니면 도 인가보다..,20,0.5
watcha,택배기사,Black Knight,2023,박희성,돈만 많이 든 SF인 척하는 시트콤,19,1.5
watcha,택배기사,Black Knight,2023,빅토리아베컴,아.. 꾸역꾸역 보기도 힘들다..,18,1.5
watcha,택배기사,Black Knight,2023,Limousine,뭘 말하고 싶은지 모르겠고...(환경 파괴의 주범은 대기업?) 결말이 많이 허무하다.  #배경이 디스토피아라고 꼭 그걸 이용해야 하고 디스토피아인 이유가 있어야하나? 요즘 사극들 크게 다르지 않던데.... #설정과 비주얼은 만족스럽지만 더 재밌게 풀 수 있지 않았을까,149,2.0
watcha,택배기사,Black Knight,2023,Ryu JY,오글거리고 연기도 딱딱하고 여기저기 주워온 짜집기에 이도저도 아닌 작품이...,43,0.5
watcha,택배기사,Black Knight,2023,강동현,웹툰에서 보여준 디스토피아와 인간관계를 잘 표현해 주기를..,33,1.0
watcha,택배기사,Black Knight,2023,운서벌꿀오소리,1점인데 김우빈 때문에 0.5 더 줌,20,1.5
watcha,택배기사,Black Knight,2023,hwan_i,넷플릭스가 제작한 최대의 실패작,17,2.5
watcha,택배기사,Black Knight,2023,zarame,김우빈이 잘생김 내용도 깔끔하고 괜찮은데 너무 깔끔해서 별로,33,3.0
watcha,택배기사,Black Knight,2023,Victor,보통이에요. 2025. 9. 19. ~ 2025. 9. 24.,34,2.5
watcha,택배기사,Black Knight,2023,효냥,맙소사...,6,3.0
watcha,택배기사,Black Knight,2023,태잉,송승헌은 여전히 연기 못하네... 일단 짧아서 보기 편했읒 근데 6회로는 좀 부족한거 같고 시즌2 나오려나?,60,3.0
watcha,택배기사,Black Knight,2023,츄츄,그래서….이게 제작비가 얼마라고요?,19,0.5
watcha,택배기사,Black Knight,2023,김덕훈,공익 보은 교육 가서 봐서 재밌게 봄. 신선한 소재로 짧고 굵게 끝남.,39,2.0
watcha,택배기사,Black Knight,2023,퇴근퇴근퇴근,하.....,6,1.5
watcha,택배기사,Black Knight,2023,lllllIllIllI,이런 디스토피아물을 보다보면 콘크리트 유토피아가 잘 만들어진 영화라는 게 느껴진다.,46,2.5
watcha,택배기사,Black Knight,2023,진주,물론 10분만 보고 평가하는건..그렇지만..가끔은 그것이 정확하기도 한..,41,1.0
watcha,택배기사,Black Knight,2023,브라운,소재를 살리지 못한 연출과 지지부진한 스토리 전개,27,2.5
watcha,택배기사,Black Knight,2023,이남엽,눈에 들어오는 것은 CG 배경뿐인 무색무취의 아포칼립스,30,0.5
watcha,택배기사,Black Knight,2023,찬찬,보면서생각난거 서복 정이 등등,16,2.0
watcha,택배기사,Black Knight,2023,라미,한없이 아쉽다.,8,5.0
watcha,택배기사,Black Knight,2023,류규민,김우빈만 믿고 잘못된 길로 가는 디스토피아와 억지스러운 영웅 놀이,36,3.5
watcha,택배기사,Black Knight,2023,정상수,미래엔 정말 ㄹ이럴까,11,3.0
watcha,택배기사,Black Knight,2023,하남시민,"윤사월 캐릭터가 제일로 아쉬움. 그냥 노윤서가 사월이 역할을 했어야 했다. 그리고 송승헌말고 천명회장역이 너무 뜬금없이, 이제와서 정의롭지. 대통령 캐릭터도 별로, 아포칼립스 세상이면 있으나 마나한 존재인데...차라이 원작처럼 허수아비 수준이 딱임.",139,4.5
watcha,택배기사,Black Knight,2023,손준영,난 이런거 좋음. 나라에 돈이 넘쳐흐른다는 증거.,27,2.0
watcha,택배기사,Black Knight,2023,이태경,SF물이 얼마 있지도 않은 나라에서 매번 시도하는 족족 이렇게 엿먹이는 것도 대단하다고 할 수 있을 것 같다,60,2.5
watcha,택배기사,Black Knight,2023,송어진,"디스토피아, 국가권력급의 회사, 부패한 사업가. 어디서 본 것들로 뭔가 해보려 했지만 아무것도 남지 않았다",59,1.5
watcha,택배기사,Black Knight,2023,John Doe,"총평 * '6화까지니까 기왕 시작한 거 그냥 다 보자' 이런 생각 버리세요. 지금 멈추세요. * 이렇게까지 베낀 게 많아 보이는 건 내 기준이 지나치게 높은 건가? * 이만한 배우들을 모아놓고 대사도 어색하고 박진감도 없고 재미도 없으면 도대체 감독은 뭘 했단 말인가  --- - 데스 스트랜딩...? 뮬? 엘더? 엔지니어? - 웹툰 원작이면 원작부터 이 지경이라는 건가? / 기사 보니까 한국판 매드맥스라고 한 것도 있었네. 와 세상에나 - 5-8을 오팔이라고 읽기도 하는 걸 보면, 교신에서 꼬박꼬박 '다시'를 붙이는 건 공식 채널 규칙인가? 관습적으로는 오여덟 정도로 읽게 될 것 같은데. - ...? 방사능 광산에서 만들어진 뮤턴트...? 무쇠 통뼈에 힐링 팩터? - 체내 폭탄이 터져서 눈 뒤집혀서 죽는 장면을 어디선가 봤는데... 뭐였는지 기억은 안 나지만 장면 자체는 너무 똑같다 - 소령님 자꾸 합리적인 의심이라고 하는데 내가 아는 '혹시 아닐지 모르니 의심하겠다'가 아니라 '혹시 맞는지 모르니 의심하겠다'는 뜻으로 말을 해서 대사 나올 때마다 거슬린다. - 안테나로 수신 가능한 공중파 방송이 아직 남아있다고??? - 지루하다......",590,0.5
watcha,택배기사,Black Knight,2023,라이톨,2023 - 정상회담 나오는 곳은 정말 웹툰스러웠다. 경이로운 소문 회담 장소랑 느낌이 비슷했다.,54,0.5
watcha,택배기사,Black Knight,2023,구구,김우빈 당분간 넷플릭스 출연 금지…,19,2.0
watcha,택배기사,Black Knight,2023,이용자,"""시간 없다 이놈들아악!"" 와 5분도 안 봤는데 소름 돋음 안 좋은 의미로",41,2.5
watcha,택배기사,Black Knight,2023,이짜요,연출이 문제인지 각본이 문제인지 고민하고 보니 둘 다 참여한 감독이 확실히 문제구나.,47,2.5
watcha,택배기사,Black Knight,2023,김진하,차라리 네이버 웹툰을 보겠다,15,2.5
watcha,택배기사,Black Knight,2023,나프탈란자,"끝까지 보는데 1년이 걸린 시리즈는 처음. 돈들인 티는 나지만, 제대로 쓴건진 모르겠다. 클라이맥스는 일부러 홀대하는건가 싶을 정도로 기운 빠지고,느닷없는 희망찬 엔딩은 또 뭔지.",100,1.5
watcha,택배기사,Black Knight,2023,신규빈,"적절히 잼있게 봤었는데, 그 땐 외국에 있을 때라 그랬나. 그렇게 큰 기대를 안하고 봐야할 시리즈 물에 너무 딱딱한 잣대를 대고 싶지 않았었나.",80,1.5
watcha,택배기사,Black Knight,2023,나하,발상은 신선했으나 전개는 신파,16,3.5
watcha,택배기사,Black Knight,2023,백제신라고구마,마지막에 돌연변이 피 받아서 그런지 손 움직였잖아 아직 안 죽은 듯 아이디어는 신선하다 근데 너무 기빨려,58,1.0
watcha,택배기사,Black Knight,2023,권세비,김우빈 잘생겼다,8,1.0
watcha,택배기사,Black Knight,2023,우산,이렇게 귀한 블록버스터 기회를 재능많은 신인 감독들에게 줬으면 얼마나 좋았을까,43,2.0
watcha,택배기사,Black Knight,2023,무비라이더,여기저기에 흩어져 있던 익숙한 장면들을 모아다 짜깁기 해서 만들어낸 진부함,41,0.5
watcha,택배기사,Black Knight,2023,우사짱,넷플에서 나와서 그런지 CG가 좋음 근데 이제 그거 빼고는 다 별로인,38,2.5
watcha,택배기사,Black Knight,2023,SOON,"왜 이런 세상이었는지 설명이 조금 더 디테일 했으면 좋았을텐데 하는 아쉬움으로 시작하는 드라마였다. 6부작이라 짧고 굵게 끝나는 점은 마음에 들었고, 스토리도 충분히 납득이 갈만한 스토리였다. 뭐 왜 그런 인류애를 가진 주인공들이 참 끼리끼리 어울리는구나 싶은 드라마적 요소가 있었지만 이해가 안갈 정도는 아니었으니 잘 넘어갔다고 생각한다. 감독을 보니 감시자들, 마스터 등을 감독한 감독이라 보고 나서 든 생각은 조금 아쉽다 였다. 만약 알고 봤다면 기대감에 조금은 실망했을듯 싶지만 모르고 봤기에 드라마는 생각보다 괜찮았다. 그렇다고 막 그렇게 재밌는 드라마는 아니었고, 캐스팅이 좋았고, 배우들의 연기도 좋았다. 스토리는 원작이 있기에 웹툰스럽다고 생각했고, 워낙 이런 장르를 막 좋아하는편은 아니라서 그렇다고 싫어하는것도 아니기에 적당한 드라마였다고 생각한다. 감독의 표현이 감독 스스로가 만족했을까? 싶다. 그리고 원작 웹툰 작가는 만족했을까? 그게 가장 궁금했다. 감독의 대한 기대감을 가졌던 시청자에겐 조금은 실망할수도 있었던 드라마지만 그래도 마스터 같은 작품을 한번더 만들어 줬으면 하는 바람이 있을듯 싶다. 다음작품에서는 조금 더 멋진 케이퍼무비나 드라마로 돌아와 주길 바란다.",613,2.0
watcha,택배기사,Black Knight,2023,엘가이,유플/너플,5,0.5
watcha,택배기사,Black Knight,2023,주주주파파,대충 미래랑 과거를 섞으면 디스토피아인가,22,0.5
watcha,택배기사,Black Knight,2023,주희디,2024.01.28-2024.01.29,21,2.0
watcha,택배기사,Black Knight,2023,이장님,디스토피아만 집어넣는다고 드라마가 흥하는게 아니야,27,2.5
watcha,택배기사,Black Knight,2023,비비왕,2024.1.6 2.0,12,1.5
watcha,택배기사,Black Knight,2023,신경은,재미없다고 오바떨지마셈 난존나재밌었음,20,1.0
watcha,택배기사,Black Knight,2023,잉어,-중도하차- 넷플릭스 좀 잘 만들어봐 1화 내용 생각도안나,32,0.5
watcha,택배기사,Black Knight,2023,경니,와.. 봤었는데 결말이 기억이 안나…,20,1.0
watcha,택배기사,Black Knight,2023,Happyman,"넷플릭스 택배기사는 디스토피아 세계관과 액션을 잘 조화시킨 작품이다. 메인스토리는 명확하고 간결하며, 불필요한 부분은 생략되어 있다. 액션은 과하지 않고 적절하게 연출되어, 시청자의 긴장감을 유지한다. 특히, 김우빈과 송승헌의 트럭 추격신은 매드맥스를 연상시키는 화려하고 강렬한 장면이다. 미래의 대기 오염 문제에 대해 생각하게 되는 작품으로 상당히 재미있게 봤다. 하지만 관심도에 따라 호불호가 있는 작품이라고 생각한다.",236,1.0
watcha,택배기사,Black Knight,2023,뿡빵,긴박하지 않은 액션씬 모음집?,16,0.5
watcha,택배기사,Black Knight,2023,김헌태,그냥 머 김우빈 보는 재미,14,2.0
watcha,택배기사,Black Knight,2023,5Wood,"긴박해야 할 장면이 긴박하지 않음, 쓸데없이 과한 설정",30,0.5
watcha,택배기사,Black Knight,2023,조은상,스냅백을 머리에 쓰고 금목걸이를 한 꾸러기 아저씨를 보는 기분,34,1.5
watcha,택배기사,Black Knight,2023,뀰꿀,왜 다 대사로 설명을 하려는지 모르겠음..,23,2.5
watcha,택배기사,Black Knight,2023,carava,매드맥스인줄 알았는데 헝거게임이었네,19,2.0
watcha,택배기사,Black Knight,2023,장대한,내용 재밌는데 연기가 아쉬운 건가 뭔가 어딘가 계속 빠져있어,33,0.5
watcha,택배기사,Black Knight,2023,예원,"이건,, 왜 이러는지,, 제작비 많이 들였을거같은데 왜 이렇게 찍었나 총체적 난국  대체 한국에선 아무도 안하던 머리들을 왜 세상이 망하면 하기 시작하는지도 모르겠고  느낌이 매드맥스와 헝거게임 좀 섞고 원헌드레드도 좀 섞인느낌인데 이제 이상한 컨셉을 곁들인,,  연기도 다 이상해요 2000년대 어린이 드라마 연기같음 김우빈은 상속자들 짬바가 있어서그런지 오글거려도 나름 잘하는데 그놈은 멋있었다 출신 송승헌은 왜그런가요",236,1.0
watcha,택배기사,Black Knight,2023,Eve,원작을 안봐서 그런가 어디서 되게 많이 섞어놓은듯한 소재 그리고 그걸 제대로 살리지못하는 뻔해빠진 스토리 뭔가 참 될뻔한느낌,69,1.5
watcha,택배기사,Black Knight,2023,성은선,기대를 심하게 했는데…내 탯이지 뭐,19,0.5
watcha,택배기사,Black Knight,2023,유일,어설퍼… 또래 중에서 제법 똑똑한 초딩이 생각해낸 것 같음,32,3.0
watcha,택배기사,Black Knight,2023,두성,.,1,1.5
watcha,택배기사,Black Knight,2023,테디,"배우들의 아쉬운 연기는 둘째치고, 좋은 소스의 스토리를 이정도로 표현한 연출이 가장 아쉽다",50,1.0
watcha,택배기사,Black Knight,2023,송시원,한국은 언제쯤이면 sf영화를 유치하지 않게 만들 수 있을런지…,34,2.0
watcha,택배기사,Black Knight,2023,Aiden Kim,"이미 각본에서부터 실패한 작품. 제발 SF나 판타지 웹툰 가져올 때, 그냥 그대로 가져오지말고 각본 좀 보강해라. 웹툰이야 그러려니하고 보던 것이 기본적인 설정이나 세계관부터 무너지니 답이 안나옴. SF는 CG만 떡칠하면 된다는 마인드가 훤히 보이는 또 하나 망작.",148,1.5
watcha,택배기사,Black Knight,2023,J2H,김의성 나온다면 믿고 거른다. 김의성이 나온다는것만으로도 이 드라마의 방향성과 메시지가 뭔지 알수있다.,57,0.5
watcha,택배기사,Black Knight,2023,송현,넷플릭스 시리즈물은 말도 안 되는 등장인물 이름같은 거 안 쓰면 계약이 안 되나 ㅎ .. 설정도 진부해지기 일보 직전인데 풀어가는 방식이 하나도 흥미롭지가 않았다,90,2.5
watcha,택배기사,Black Knight,2023,임서희,매드맥스 분위기가 쬐끔 나는게 좋을뿐.,21,1.0
watcha,택배기사,Black Knight,2023,왕성준,그냥 할말이 없다,9,3.0
watcha,택배기사,Black Knight,2023,헬미,우리나라 sf물 매드맥스라면서.....,21,1.5
watcha,택배기사,Black Knight,2023,2_Jar,애매하네...,7,0.5
watcha,택배기사,Black Knight,2023,이안,"세계관이 마음에 들어서 보기 시작했으나.. cg, 연기, 연출 등등 부족하다고 느껴지는 점이 너무 많이 보였다. 액션도 꽤 기대하면서 봤는데 너무 단조롭게만 느껴졌다. 스토리를 이끌어나가는 방식도 아쉬움이 컸다. 악역이 너무 평면적이었고, 주요 인물의 주변인들의 죽음을 단순히 주인공의 절망과 성장을 위해 소모시킨 것 같아 보면서 제발... 그러지 마라... 싶은 부분도 많았다.",212,2.5
watcha,택배기사,Black Knight,2023,소야,"보다 말았는데 다시 보고싶지가 않넹,,",21,2.0
watcha,택배기사,Black Knight,2023,단테,"설정만 흥미롭다. 더욱이 비슷한 시기의 사냥개들을 보고 봐서인지 액션신이 더 형편없게 느껴졌다. 김우빈 배우님이 주연인줄 알고 봤는데, 다른 배우님이 더 큰 비중으로 드라마 전체를 끌고갔다. 그 역할 배우님의 뭔가 어색한 반말연기도 재미를 반감시키는데 한몫했다.",146,2.0
watcha,택배기사,Black Knight,2023,마약김밥,내돈으로 만든 것도 아닌데 왜이렇게 돈아깝지,24,0.5
watcha,택배기사,Black Knight,2023,그냥 영화가 좋은 사람,저렇게 좋은 소재를 6화 만에 끝내버렸다,22,3.0
watcha,택배기사,Black Knight,2023,모츠나베,3회인가 까지보다가 어이없는설정에 연기도별로 재미도없고 뒷내용 궁금하지도않아서 하차,46,2.5
watcha,택배기사,Black Knight,2023,김이수,근대 택배는 어디서 주문 하는거야??,20,3.0
watcha,택배기사,Black Knight,2023,빈이,매드맥스+데스 스트랜딩 짬뽕.. 소재는 괜찮은데 개연성도 없고 캐릭터 설정도 구리고 연기도 어색하다 결말 궁금해서 달렸는데 걍 솜씻너 되어버림,79,1.0
watcha,택배기사,Black Knight,2023,룽주,7분쯤 헌터대장 연기에서 끌까 하다가 조연일텐데 ...뭐 .. 라고 생각후 이어진 액션씬에서 대사랑 액션에 경악을 금치못했다 쏜다..쏜다..난 끈다,82,0.5
watcha,택배기사,Black Knight,2023,해쓱한 또몽,"윤사월역 배우 연기 잘하고 마스크 신선 그외에는 다 별로  해외 SF에 나오는 동양인 캐릭터 (수현, 배두나 등) 스타일링은 왜 저럴까라는 생각을 했는데 울 나라 SF 스타일링도 만만치 않은듯.",108,1.5
watcha,택배기사,Black Knight,2023,악어새,빌런이 임팩트가 없는 캐릭터면 망한다는 좋은 예시,27,0.5
watcha,택배기사,Black Knight,2023,J.Mani,끝까지 다 본 것만 평가하는 것이 나의 신조라 꾸역꾸역 다 봤다.  전체적으로 묘하게 올드하다.  대사 별로고 조연들의 연기도 별로고  괜찮았던건 김우빈 배우 하나였음.,94,2.0
watcha,택배기사,Black Knight,2023,Seikoon72,끝까지 본 사람 있냐?,12,0.5
watcha,택배기사,Black Knight,2023,윤태영,계급 사회없는 평등하고 차별받지 않는 세상을 만들겠다고 최고계급자 대통령이 말했다,45,1.5
watcha,택배기사,Black Knight,2023,또보아용,시작부터 지루하고 중간도 지루하고 그렇게 끝나버렸다...!,32,3.0
watcha,택배기사,Black Knight,2023,summer,"연출도 개쓰레기, 연기도 개쓰레기.",19,0.5
watcha,택배기사,Black Knight,2023,전재욱,만들다가 후반부 제작비가 떨어진게 분명하다.,24,1.5
watcha,택배기사,Black Knight,2023,Jsd,궁금해서 1.5배속으로 봤어요 걍,18,2.5
watcha,택배기사,Black Knight,2023,황프로,에라이,3,1.5
watcha,택배기사,Black Knight,2023,낮은 곳으로,"만화, 웹툰에서나 허용될 만한 대사들이 너무 많음",27,5.0
watcha,택배기사,Black Knight,2023,몽훈,추천받아서 시작했지만.. 이번 택배는 설레지 않기로...,31,1.0
watcha,택배기사,Black Knight,2023,google,2편까지 보고 접었다가 스킵신공으로 봄,21,3.5
watcha,택배기사,Black Knight,2023,정지민,끝까지 다 못보겠어…,11,2.0
watcha,택배기사,Black Knight,2023,김성훈,"LED로 꾸며졌던 코어구역을 보고, 몇가지 생각이 스쳐지나갔다.  + 작품적으로는 1) 무적의 택배기사 2) 힙한척하는 OST 두개는 좀 참기 힘들었던 거 같다. 후우",93,2.5
watcha,택배기사,Black Knight,2023,Mdm,데스스트랜딩을 꿈꾼 삼류작,14,1.5
watcha,택배기사,Black Knight,2023,A LiFE,"뭔가 중간에 일부 내용이 날라간 거 같은, 불친절한 급 전개가 아쉽다. 매력적인 소재가 투박한 칼질에 낭비된 느낌",63,0.5
watcha,택배기사,Black Knight,2023,JiYongPark,미래 한국의 아포칼립스 배경에 '산소'를 핵심 에너지로한 여러 집단의 얽히고 섥힌 스토리로 있을법한 전개인데...진부한 클리셰와 예상되는 오글거림은 한국산 답다.,90,2.0
watcha,택배기사,Black Knight,2023,노란파랑,작가랑 pd는 이제그만 ai에게 넘겨주고 은퇴하자... ai가 만들어도 이거보단 100배 더 잘만들겠다,57,2.0
watcha,택배기사,Black Knight,2023,뚱인데요,20분정도 보고나니까 이거 더는 못보겠는데..,25,0.5
watcha,택배기사,Black Knight,2023,혜딩딩,정치적인 부분은 진짜 닥칠 현실 같아서 소름 돋는다,28,1.0
watcha,택배기사,Black Knight,2023,수문,어느 지점에서 흥미를 느껴야 할지 모르겠다 분명 의도하고 넣은 포인트가 있을텐데도 가늠이 안된다 모든 소스가 애매하게 첨가되어서 무슨 맛인지 표현하기가 어렵다 그래서 뭔가 평가하고 코멘트 달기도.. 음.. 어려운 거 같다 다 보고나면 뭘 봤는지 기억이 잘 안 나서..,149,1.5
watcha,택배기사,Black Knight,2023,관맴,넷플릭스 보면서 이렇게 많이 졸고 잠들긴 처음이다,27,0.5
watcha,택배기사,Black Knight,2023,채정우,1화부터 내 예상을 빗나가는 것이 아무것도 없어서 2화 보다 끔,35,2.5
watcha,택배기사,Black Knight,2023,민수한,나만 재밌게 봤나보다... 시험기간에 봐서 그런가...?,31,2.0
watcha,택배기사,Black Knight,2023,이정인,"'헝거게임', '매드맥스', '설국열차', '칠드런 오브 맨' 등 관객들에게 '디스토피아'의 대명사로 각인된 작품들에서 영감을 강하게 받은 탓에 보는 재미가 없지는 않다 하지만, 틀에 박힌 도식적인 전개와 한없이 평면적인 캐릭터들이 주는 무미건조함은 디스토피아를 지향하는 한국의 모든 SF 감독들이 풀어야할 숙제임이 분명하다",181,2.0
watcha,택배기사,Black Knight,2023,흐시,3.0,3,0.5
watcha,택배기사,Black Knight,2023,aro운2,난 그만 볼래...힘들다,13,0.5
watcha,택배기사,Black Knight,2023,다만 이동진에서 구하소서,이거 코로나백신 까는 작품인가요? 마스크도 밖에서 계속 벗고….,35,2.0
watcha,택배기사,Black Knight,2023,도파민중독자,스토리도 잘 모르겠고 세계관도 잘 모르겠고,23,0.5
watcha,택배기사,Black Knight,2023,14,보다가 말았음,7,1.5
watcha,택배기사,Black Knight,2023,WISHL,세계관 제외하고 연기? 스토리? 다 애매함,23,2.0
watcha,택배기사,Black Knight,2023,양곰,액션씬인데 맞는 배우가 어디로 떨어질지 카메라가 미리 알고 가 있더라.. 착잡..,45,1.0
watcha,택배기사,Black Knight,2023,엄동현,설정은 그럴싸함 액션씬은 장비에 제작비 쓴티는 나는데 정작 박진감은 떨어짐 대사는 평이하고 전개는 흥미가 떨어진다 막판 총격씬은 긴박감이 한개도 없네,83,1.0
watcha,택배기사,Black Knight,2023,민봉,매드맥스: 택배기사,10,2.5
watcha,택배기사,Black Knight,2023,무비매니악,세계관 수립의실패 오마쥬컬렉션 ㅜㅇ,19,0.5
watcha,택배기사,Black Knight,2023,트러리,시작 5분만에 아 이건 망했다란 생각이 들었다. 끝까지 봤는데 역시나 그랬다. 넷플릭스에서 땅에 뿌리는 돈이 한국 영화의 거름이 될 수도 있을 거 같은 게 그나마 위안.,94,3.0
watcha,택배기사,Black Knight,2023,사오후,이렇게 싱거울 수가,10,0.5
watcha,택배기사,Black Knight,2023,댕청한감자,"탕탕, 조잘조잘, 퍽퍽 밖에 기억에 없다",22,1.0
watcha,택배기사,Black Knight,2023,minibi,흐름 좋음,5,3.0
watcha,택배기사,Black Knight,2023,햄바바,피식피식~,5,2.5
watcha,택배기사,Black Knight,2023,챠왓,우당탕탕 산소 나르기,11,2.0
watcha,택배기사,Black Knight,2023,이산,별 두 개 다 오팔 거,12,2.0
watcha,택배기사,Black Knight,2023,아람,너무 급하다. 12화 정도 분량을 6화로 축소한 것 같다. 압축하면 영화 한 편도 안 나올 것 같다.,56,1.5
watcha,택배기사,Black Knight,2023,Jake,맘에 드는 구석이 하나도 없는데 어찌 다 봤을꼬,26,0.5
watcha,택배기사,Black Knight,2023,FEEL,혹시 끝까지 보신 분 계시면 댓글로 결말 스포 좀 해주세요 (1화 보다가 끔),43,1.0
watcha,택배기사,Black Knight,2023,Jeong Su Kim,시종일관 밋밋해도 김우빈은 멋졌다,18,3.0
watcha,택배기사,Black Knight,2023,연양갱,드라마 보기 전에도 재미 없을 거 같았는데 보고 나서도 역시 재미가 없어서 생각보다 별 큰 감흥이 없었다. 너무 재밌지도 재미없지도 않았던 그냥 그런 드라마 차라리 아예 못 만들면 빡쳐서 욕이라도 할텐데 진짜 그냥...... '0' 그 자체의.... 그냥..... '무'의...... 드라마...... 음..... 네... 뭐 하나하나 뜯어보면 할 말 많은데 굳이¿ 싶은 드라마,211,2.5
watcha,택배기사,Black Knight,2023,bell choi,"원작을 몰랐지만 시작부터, 웹툰이네, 눈치챘음. 딱 웹툰까지만 하자.",38,2.5
watcha,택배기사,Black Knight,2023,가워니,분명 1화 반정도까진 재밋엇는데 지루하고 진부하고 배우들 연기도 대박이고 최고의 작품이다,49,0.5
watcha,택배기사,Black Knight,2023,한신근,오배송,3,2.0
watcha,택배기사,Black Knight,2023,기학,손발이 오그리토그리,10,2.5
watcha,택배기사,Black Knight,2023,민경,볼게 우빈씨 얼굴밖에 없네,14,2.5
watcha,택배기사,Black Knight,2023,witHDust,2023. 5. 29.,12,3.5
watcha,택배기사,Black Knight,2023,술사랑,누구든 마이너스 작성법좀 알려주세요!,20,1.5
watcha,택배기사,Black Knight,2023,유영하,뇌 빼고 보기 좋음. 특히 마지막 20분은 지구용사 벡터맨 액션 보는 느낌나서 좋았음.,48,4.5
watcha,택배기사,Black Knight,2023,HJOo,마이 약하네 비추,9,2.0
watcha,택배기사,Black Knight,2023,한기태,2화 보다가 껐지만 이 감독 추천에 안 뜨도록 평점 남깁니다,33,0.5
watcha,택배기사,Black Knight,2023,Pomecloud,매력없는 빌런,7,1.5
watcha,택배기사,Black Knight,2023,w7w7,걍 첫나레이션부터가 노잼냄새 너무날림,20,0.5
watcha,택배기사,Black Knight,2023,이진구,정말 거지 같은 드라마 폼은 더럽게 잡는데 멋진 장면 하나 나오지 않는다. 그리고 제발 되도 않는 주근깨 분장은 한국 영화나 드라마에서 집어치워라 정말...,87,1.5
watcha,택배기사,Black Knight,2023,안나,"ㅋㅋㅋㅋㅋㅋㅋㅋㅋ유치한게 재밌네~ 싸우기 전 국룰 대사 “너…너..!!! 누구야…!!!!!” “나, 택배기사다.”",63,2.5
watcha,택배기사,Black Knight,2023,김명준,"김우빈 배우님, 이런 작품 좀 고르지 마세요.",25,2.0
watcha,택배기사,Black Knight,2023,와일드번치,몰입 실패 연출 실패,11,3.0
watcha,택배기사,Black Knight,2023,개가오,거품처럼 부풀어 오른 기획을 감당하지 못해 허덕인다.,29,2.5
watcha,택배기사,Black Knight,2023,영니,초반 보다가 하차. 엉성한 세계관.,19,3.0
watcha,택배기사,Black Knight,2023,hcdolm,계속 보게 되는 매력이 있다 그러나 어설픈 구성이 너무 아쉽다 시즌2가 나와야 한다,46,1.5
watcha,택배기사,Black Knight,2023,Sangho Kim,디스토피아를 보려고 했는데 내 맘이 디스토피아.,26,1.5
watcha,택배기사,Black Knight,2023,워뉸재,"거창하고, 지겨운. 디스토피아 세계관 속 펼쳐지는 K-클리셰의 향연.",38,3.0
watcha,택배기사,Black Knight,2023,망작도 재밌게ᕕ( ᐛ )ᕗ,"""뒤집어쓸래요? 아님 뒤집어볼래요?""",20,2.0
watcha,택배기사,Black Knight,2023,강승훈,김우빈만 멋있네,8,1.5
watcha,택배기사,Black Knight,2023,향함,"그래도 세계관이나 배경, 의상 같은 설정은 흥미로웠다  # 넷플릭스",37,2.0
watcha,택배기사,Black Knight,2023,하길수,이퀼리브리엄 2002년 아일랜드 2005년 웨스트월드 2016년 아직 많은게 어색하지만 그래도 국내에 이런게 나와줘서 고마울따름 아니근데 종이의집도 그렇고 국산꺼는 스케일이 좀만 커지면 왜케 오글거리게만드냐,115,2.5
watcha,택배기사,Black Knight,2023,HyunHo Yoo,택배 트럭이 로봇되어서 싸우는게 더 재미날듯…,25,2.0
watcha,택배기사,Black Knight,2023,re,후오…,3,1.5
watcha,택배기사,Black Knight,2023,요정,손등에 큐알코드라니~ 그걸 훔치려고 손목을 자른다니~,29,2.0
watcha,택배기사,Black Knight,2023,해피엔딩 덕후,마지막이 너무 엉성했지만 킬링타임용으로 좋았다,25,1.0
watcha,택배기사,Black Knight,2023,잉여,"굳이 6부작일 필요까지 있었나  설정과 세계관 이해를 위해서 다 보긴 봤다만 물론 그렇다고 너무 지루하지도 않은 킬링타임용 작품이지만  그만큼 시간내서 볼 가치가 있었다? 이건 또 아님  오랜만에 복귀한 김우빈 배우의 연기는 여전히 좋은데 가끔 영도가 보였다ㅋㅋㅋㅋ  난민 사이에서 영웅인 5-8을 천명에서 모른다? 마치 가오갤 도라이 과학자같은 류석을 대통령과 회장님은 경계만 하지 아무런 대비도 안해놔서, 너무 물러서 당황스러웠다  그 디스토피아 세계에 상식이 있나? 아들래미가 차마 그럴 거라곤 생각도 못했나?  택배기사 선발전에서 사람을 아무렇지 않게 죽이고 그걸 생중계하고 투견싸움마냥 최후의 1인이 남을 때까지 끝나지 않는 라운드와 환호하는 시청자,,, 암울한 디스토피아를 살아가는 사람들의 모습을 잘 보여준 것 같기도 하다  윤리의식쯤은 아무것도 아닌 도덕성을 지키기 어려운 사회, 캐릭터 모두 하나 이상의 양심이 결여된 모습 더 이상 안전을 보장되지 않는 사회란 이런건가",495,2.5
watcha,택배기사,Black Knight,2023,세리,"이런 소재를 가지고, 이런 배우들을 데리고, 이렇게 재미없게 끌고가고 재미없게 끝낸다고..?",51,2.5
watcha,택배기사,Black Knight,2023,Kyung Deuk Noh,이거 좀…지나쳤다.,10,2.0
watcha,택배기사,Black Knight,2023,김덴버,끝까지 다 본 저에게 5점 드립니다.,20,0.5
watcha,택배기사,Black Knight,2023,웃음이하루,2023년 5월 27일(토) 소재가 잘 만 살리면 참 좋은건데 좀 진부하다고해야하나...,49,2.0
watcha,택배기사,Black Knight,2023,조아혜,내가 쪼아하는 웹툰,10,0.5
watcha,택배기사,Black Knight,2023,소금사탕,난 그럭저럭 자밌게 봤다. 조금 용두사미같긴 하지만..ㅋㅋ 이미 이런류의 sf가 너무 많아 너무 뻔한 플롯이긴 하지지만 단점이 분명히 있는 드라마라고 생각되지만 이런 시도도 좋다고 생각한다 오글거리는 장면이나 대사는 별로 없는데 평점이 왜이리 처참한건지 ㅎㅎ 평점보고 뒷걸음질 치시던분들 걍 맘편히 킬링타임용으로 보셔도 좋을 것 같습니다~,189,0.5
watcha,택배기사,Black Knight,2023,단감이 홍시되는 중,총체적 난국,6,2.0
watcha,택배기사,Black Knight,2023,을시기,곧 올것같은 세상에 대한 공포,16,1.5
watcha,택배기사,Black Knight,2023,이대광,섣불리 시작하는게 아니었는데...,18,2.5
watcha,택배기사,Black Knight,2023,Kye Hwa Kim,왜 그러는 거죠?,9,0.5
watcha,택배기사,Black Knight,2023,57790763225,소재도 좋고 그래픽도 좋은데 시나리오랑 연기가 어떻게 이럴수가 있니,37,0.5
watcha,택배기사,Black Knight,2023,다이나믹,sf는 아무나 만드는 게 아니다,17,2.0
watcha,택배기사,Black Knight,2023,경이씨,"첫화정도는 발상이 신선하다고 생각했는데, 극의 분위기가 1도 조성 안 되어있고 진행이 은근 단순해서 지루하다. 그로테스크한 느낌을 기대했는데 그런 건 없었음. 그렇다고 다른 느낌이 있는 것도 아니었다. 결말은 왜 또 그리 허무한데…? ㅋㅋㅋㅋㅋ  비추- 시간아까움^^  * 2023년 5월, 넷플릭스",167,3.0
watcha,택배기사,Black Knight,2023,김선우,23.05.25,8,0.5
watcha,택배기사,Black Knight,2023,장인경,우빈이 볼라고 끝까지 다 봤다만 이쯤되면 너무 성의가 없는거…,34,3.0
watcha,택배기사,Black Knight,2023,이시대제리,어디선가 본 듯 한 그냥 그렇다. 생각 없이 보면 대애충 흘러간다,36,1.5
watcha,택배기사,Black Knight,2023,Sooin Lee,"지구가 멸망했을 때, 그러니까 지금의 문명이 무너졌을 때를 상상하는 SF 드라마. 이것도 원작이 웬툰이라니, 요즘은 웹툰 작가들의 상상럭이 더 전성기를 이루는 것 같다.  갈등이나 해소가 너무 허무한게 연출의 흠이랄까?",122,3.5
watcha,택배기사,Black Knight,2023,규찬,"그럭저럭 밥먹으면서 볼만함  한국 영화가 아니였다면,,,, 이라는 상상을 해보았어요",46,2.0
watcha,택배기사,Black Knight,2023,박지원,매드맥스 최고,7,3.5
watcha,택배기사,Black Knight,2023,여구,강유석 배우 보려고 봤는데 음... 다들 마스크 없이도 숨 잘 쉬던데요?,40,0.5
watcha,택배기사,Black Knight,2023,윤무비,그래서 헌터들은 어딨냐,12,1.0
watcha,택배기사,Black Knight,2023,🙂☺️,신선한 소재 영웅이 승리하는 마무리 가볍게 잘봤당,27,3.0
watcha,택배기사,Black Knight,2023,ssamba,김우빈만 겁내 멋짐,10,2.0
watcha,택배기사,Black Knight,2023,thorny,용두사똥,4,2.5
watcha,택배기사,Black Knight,2023,이환희,원래 이렇게 끝맺음되는 건가요??,18,1.5
watcha,택배기사,Black Knight,2023,이종호,혹평을 미리 보고 기대치를 낮추니 볼만하네,23,1.0
watcha,택배기사,Black Knight,2023,👻😈,4-1언니한테반했다,10,0.5
watcha,택배기사,Black Knight,2023,Skakbus,밍숭맹숭 얼렁뚱땅 ,10,2.0
watcha,택배기사,Black Knight,2023,YHHK,디스토피아 같지 않은 디스토피아,17,0.5
watcha,택배기사,Black Knight,2023,전준구,난민을 잘 믿는 악당과 악당을 잘 믿는 난민. 이럴거면 서로 사이좋게 지내…,42,0.5
watcha,택배기사,Black Knight,2023,이서이,공기 안좋다면서 허구한날 마스크 벗어대고 고글도 안쓰는 개연성은 차치하더라도 스토리가 너무 단순함,54,3.0
watcha,택배기사,Black Knight,2023,임진희,김우빈이 아깝다 이솜의 연기마저ㅠ,18,0.5
watcha,택배기사,Black Knight,2023,코난,"2023.05 웬만해선 시작한 건 다 보는데 반만 보고 하차한다. 액션, 대본, 그래픽 뭐 하나 제대로 잡아주는 게 없네 디렉터랑 연출 왜 있음?",81,0.5
watcha,택배기사,Black Knight,2023,Anti_Mind,우리나라에서 sf영화/드라마가 인기가 없는건… 사실 sf라는 장르를 존나 우습게 보고있어서가 아닐까?,56,0.5
watcha,택배기사,Black Knight,2023,probohemia,김우빈 김의성 진경 배우가 아깝다. 뻔한 스토리를 살리려면 구성 내용이 중요한데 90년대 헐리우드 액션이 떠오른다…,64,0.5
watcha,택배기사,Black Knight,2023,애나벨,스토리는 대충 급전개 몰입 불가 남은건 신박한 설정뿐. 캐릭터 전부 다 무매력... 액션씬이라도 잘 담아냈으면 그 맛이라도 봤을텐데 쌈박질 타격감 1도 없어 지루함... 굳이 볼 이유가 하나도 없는 작품,113,1.0
watcha,택배기사,Black Knight,2023,이의진,어디서 본거...  어디서 본거...  어디서 본거...  어디서 본거...  어디서 본거...  어디서 본거...  어디서 본거...  어디서 본거...  어디서 본거...,97,2.5
watcha,택배기사,Black Knight,2023,GHOST WRITER,우빈아 의리로 일하지 말자 별로면 단칼에 잘라내!,27,0.5
watcha,택배기사,Black Knight,2023,최빈,이렇게 돈쓰고도 유치할 수가 있다니...,22,1.5
watcha,택배기사,Black Knight,2023,조다롱,와... 고개가 절로 저어진다. 나를 싸이코패스로 만드는 시리즈. 때리고 죽이는 장면을 볼 때마다 웃음을 짓게 하기 때문이다...,72,2.0
watcha,택배기사,Black Knight,2023,우혁명,현재가 미래보다 좋은 이유,14,3.0
watcha,택배기사,Black Knight,2023,보통이 가장 많은게 보통,넷플릭스표 저예산 SF 냄새가 물씬...,22,0.5
watcha,택배기사,Black Knight,2023,박민성,먼가 아숩따ㅜ,7,1.0
watcha,택배기사,Black Knight,2023,kh3,안 본 원작 평가까지 절하시키는 저열함,21,2.0
watcha,택배기사,Black Knight,2023,수완,"Cg는 좋았는데 결말 망,,,,",17,0.5
watcha,택배기사,Black Knight,2023,냠냠,한국에도 매드맥스 같은 작품이 나왔으면 좋겠다,25,0.5
watcha,택배기사,Black Knight,2023,츄리😊,2023.05.18,10,3.0
watcha,택배기사,Black Knight,2023,림조이,소재는 너무 좋은데 인물간의 연결성과 서사가 약하다!!,30,2.5
watcha,택배기사,Black Knight,2023,박성호,"소재는 참 잘잡았다. 코로나로 택배기사가 핫해지면서 형사, 검사, 변호사 이런 직업 드라마를 너머서 택배기사의 전문성을 부각시킨 드라마. 단 스토리 전개가 너무 상투적이다. 인간이 살수 없을 정도로 황폐화된 지구에서 한 대기업이 독점으로 인간이 살 수 있는 방법을 만들어 내고 이들에게 필요한 산소를 공급을 독점한다. 산소나 각종 생활 필수 물품을 배달해주는 택배기사는 가장 동경받는 직업이 된다. 그런데 이 택배기사들이 독점대기업과 보수 정권에 반기를 든다 ㅎㅎㅎ 재밌어 보이는데 상투적이다 송승헌씨 캐스팅은 가장 큰 실수다",294,2.5
watcha,택배기사,Black Knight,2023,방미댕,시간 아깝다 2화 보다가 하차,16,0.5
watcha,택배기사,Black Knight,2023,Urrr,이런걸 만드니 오징어게임만들고도 돈을 못벌지...  극본을 도대체누가... 연출도문제지만 극본이 미쳤어요  잘만들수있는 세계관인데 아깝네요  오징어게임 돈못벌었다고 아쉬워 할필요가없음 그걸로 번돈 이런드라마에서 다까먹는거,123,0.5
watcha,택배기사,Black Knight,2023,shw,택배기사,4,3.5
watcha,택배기사,Black Knight,2023,짐니,보는데 왜이렇게 졸리지,12,1.5
watcha,택배기사,Black Knight,2023,빈블리,"나는 이런 설정은 좋아. 꾸준히 만들다보면 언젠가는 괜찮은 작품이 나오겠지.  근데 무슨 애니메이션도 아니구 인물들 죽을 때마다 악인들이 유언 등등 할 수 있게 기다려줌 ㅋㅋ 슬아한테 주사 꽂으려고 할 때도 한참 기다려주고, 무쓸모 죽을 때도 주인공이랑 할 말 다 함. 사월이가 의식 없는 상태인데도 손으로 휠체어 방향 조작 눌러서 류석이 띠용하다 죽는 건 어이가 없어 웃음만 나옴.",214,1.0
watcha,택배기사,Black Knight,2023,Seongwook Kang,"본인이 노려지는줄 다알면서 무식하게 돌진하는 저능아 주인공. 애초에 뇌절이 오는게, 사월이가 주인공인데 오팔이가 비중이 더 높은 느낌... 실제로 포스터도 모두 김우빈 ㅋㅋ",96,2.0
watcha,택배기사,Black Knight,2023,이정만,어휴...,5,1.5
watcha,택배기사,Black Knight,2023,김자은,이 드라마 평점이 1.9나 되다니... 그게 더 놀라워요. 첫 나레이션부터 구려요. 배우 비주얼을 담으려고 250억을 쓰다니요. 차라리 화보를 찍어 돌리죠. 그냥 끄려다 너무 인내심이 없는 것 같아 참았어요. 결국 1화 30분 못 넘기고 하차..OMG 혹시 1화 30분 이후에는 좀 나아지나요? 200억이 공해만 남기고 사라진 슬픔과 분노.,190,1.0
watcha,택배기사,Black Knight,2023,공기프로젝트,촌스럽고 착한 대사들. 그냥 재미가 없다.,23,0.5
watcha,택배기사,Black Knight,2023,깐느,그만… 그만…!!!!,11,1.0
watcha,택배기사,Black Knight,2023,mulin,만화처럼 대사하는 영화,12,1.5
watcha,택배기사,Black Knight,2023,Hyewon,“공기가 좀 좋아진 것 같지 않아?” 나도 이런 말 좀 하고 싶다.,37,3.0
watcha,택배기사,Black Knight,2023,new moon,"계속볼 자신이 없는 드라마ㅠㅜ 3화에서 멈춤, 웹툰원작 지겹다!  2023.05.21",47,1.0
watcha,택배기사,Black Knight,2023,꼭행복해야돼,아직 첫화라 느낌은. 한국판 매드맥스? ㅋㅋㅋㅋ,26,1.0
watcha,택배기사,Black Knight,2023,김진우,사월이 나올때마다 역겨웠다,14,1.5
watcha,택배기사,Black Knight,2023,김다은,하나같이 오글거리고 작위적인 연출 '나는 택배기사가 되기위해 인생을걸었다' 라는 책을 제목이 잘보이도록 든체 길거리에 쓰러져있는 소녀를 김우빈이 도와주다. 캬~~~~~~진짜 최고에요감동적이잖아~~~~~~  +내이름은 사월이다 윤사월 닥치고 한판 붙자<<<<< 놀라운수준의대사  +화나서계속오게되네 주인공자꾸 혼자피식이면서 혼잣말하는거 금지좀시켜라,193,3.0
watcha,택배기사,Black Knight,2023,KiiN,할말하않,4,1.5
watcha,택배기사,Black Knight,2023,이준엽,송승헌 나오면 TV 끄고 그 자리에서 팔굽혀펴기나 하자! 그게 인생에 더 도움된다.,46,1.5
watcha,택배기사,Black Knight,2023,여름,신선함으로만 채울 수 없는 아쉬움들.,20,1.0
watcha,택배기사,Black Knight,2023,아츠라,수년전 나온 매드맥스랑 비교하자면.... 하 하기도 싫다,31,1.5
watcha,택배기사,Black Knight,2023,e.ji,"오히려 영화로 만들지, 시간낭비 덜하게. 몇시간을 본거야 이걸. 오랜만에 김우빈 얼굴 구경한 걸로 만족 스토리 자체가 넘  뻔하고 짜집기 투성이.",81,0.5
watcha,택배기사,Black Knight,2023,김두현,그래 김우빈말고 볼게없더라,14,0.5
watcha,택배기사,Black Knight,2023,"Ending,","과도하게 설정스럽긴 하였으나, 배우들이 그런 단점을 단단히 커버하였다.",39,1.5
watcha,택배기사,Black Knight,2023,정선우,딸배기사,4,1.0
watcha,택배기사,Black Knight,2023,woongs,데스스트랜딩이랑 비교했었다는게 미안하다…,22,2.5
watcha,택배기사,Black Knight,2023,Jayleneun,해외 SF영화에서 봤을 법한.. 택배기사라는 소재는 신선한데 과연 이게 최선이었을까?,47,0.5
watcha,택배기사,Black Knight,2023,므므마,한국이 넷플릭스에 독을 풀었다 이거 나온 거 거짓말이라고 해줘…,35,2.5
watcha,택배기사,Black Knight,2023,sevikar,"연출, 스토리, 대사 모두 23년에 나온게 맞나 싶을 정도로 구린데 가장 참기 어려운건 디테일. 충격적인 디테일 수십개가 구석 구석 포진되어 빈틈 없이 드라마를 조진다.",94,0.5
watcha,택배기사,Black Knight,2023,황대승,"별점 왜 이러냐, 지켜주고싶게",16,0.5
watcha,택배기사,Black Knight,2023,Jisun Kim,내가 그간 드라마를 너무 많이봐서 그런거라면 어쩔수없겠으나 뭐냐 그 마지막 대통령연설은 진짜 좀 짜증...,59,1.0
watcha,택배기사,Black Knight,2023,태태치치,"타블로와 봉태규가 퓨전했는데, 강하진 않다. CG화면 어색하고, 극이 흥미롭지 못하다. 6편으로 끝나기 다행이다.",63,1.5
watcha,택배기사,Black Knight,2023,최덕훈,이딴식으로 만들거면 투자도 받지마라...,22,2.0
watcha,택배기사,Black Knight,2023,으나,그저 탄식만 나오는..,12,0.5
watcha,택배기사,Black Knight,2023,김태호,웹툰이라 생각하고 보면 볼만한데 다들 평점이 까다로우시네.,32,1.0
watcha,택배기사,Black Knight,2023,폭렬여대생,재미가 개없다... 이걸 계속 봐야하나,21,0.5
watcha,택배기사,Black Knight,2023,이정민,나는 쎄다! 쳐들어간다! 싸운다! 적을 물리치고 평화를 얻었다!,35,3.5
watcha,택배기사,Black Knight,2023,ㅇㄹ,초반 너무 긴 설명과 쓸데없이 오글거리는 대사들만 좀 쳐냈으면 후반부가 이렇게 허겁지겁 번갯불에 콩 볶듯이 끝나지는 않았을텐데.. 6부작인데 2화까지 설명과 함께 늘어지고 3화부터 좀 볼만함 근데 대사는 용납할 수 없음ㅜㅋㅋ,125,2.0
watcha,택배기사,Black Knight,2023,Zerope,언제쯤 한국 SF 디스토피아는 어린애 키우기와 지키기에서 벗어날 수 있을까  이 작품이 잘되기 위한 몇 안되는 방법인 김우빈 캐스팅을 성공적으로 마쳐놓고 왜 냅다 밥상을 엎어버린건지,101,2.0
watcha,택배기사,Black Knight,2023,센델마이클,상당히 재미없네 대사 수준이..,17,1.0
watcha,택배기사,Black Knight,2023,최용원,감독이 원작웹툰작가보다 더 급했던게 틀림없어.,25,0.5
watcha,택배기사,Black Knight,2023,술잔속의달빛,택배기사님~ 반품할께요~단순변심!,18,1.0
watcha,택배기사,Black Knight,2023,이태범,웹툰을 재미있게 봤지만 뒤로갈수록 좀 흐지부지였는데 드라마는 처음부터 기대를 못하게 만드는구나...,55,1.5
watcha,택배기사,Black Knight,2023,채은,인간은 왜 이리도 구별짓기에 혈안일까,20,2.0
watcha,택배기사,Black Knight,2023,영화로봇,신선한 세계관 자빠지고 있네!! 우리는 얄팍한 세계관 보다 좋은 스토리를 원한다!!,46,2.5
watcha,택배기사,Black Knight,2023,불휘불휘깊은나무,뭐지 이건..  #23.5.17.,18,1.0
watcha,택배기사,Black Knight,2023,오윤재,"작품 초반 원작으로부터 설정된 세계관은 꽤 괜찮다고 생각했지만 연출과 배우들의 연기 수준이 괜찮지 못했다. 특히 송승헌이 이렇게 연기를 못 하는 배우인 줄 몰랐고, 이솜은 몸 동작 연기가 너무 부자연스러운게 보는 내가 다 불편할 정도. 후반부로 갈수록 개연성도 점점 떨어지고 억지 신파에 수준 이하 옥의 티 연출이 난무하는 탓에 몰입도가 약해져 감기는 눈을 억지로 들어 올리며 꾸역꾸역 겨우 다 볼 수 있었다.",229,2.0
watcha,택배기사,Black Knight,2023,조무영,재미는 있는데 좀 엉성한 플롯. 주인공은 먼치킨.,27,2.0
watcha,택배기사,Black Knight,2023,명기,처음 볼때부터 느낌이 쎄하더니 그 느낌이 끝까지 가는구나,31,1.5
watcha,택배기사,Black Knight,2023,선영,그래서 뭐라는거지,9,4.0
watcha,택배기사,Black Knight,2023,강재구,이런 유치한 대사를 가르치는 교육기관이 따로 있는게 아닐까?,33,1.5
watcha,택배기사,Black Knight,2023,재호,보통의 K드라마에서 주요 등장 인물 네 명이 16화에 걸쳐 푸는 스토리를 6화에 욱여넣은 느낌. 그래서 무드만 가지고 이야기를 끌고 가는데 급급한 것 같다.,87,0.5
watcha,택배기사,Black Knight,2023,Bella Chae,너무 심하다 ㅠㅠ,9,2.5
watcha,택배기사,Black Knight,2023,자소서 취미란에 영화적은놈,어...음....시간아깝내?,15,1.5
watcha,택배기사,Black Knight,2023,Paul,너무...너무 재미가 없어서...3화까지 존버하다 하차함,31,1.0
watcha,택배기사,Black Knight,2023,첼정훈,웹툰 소재가 성공하는 신화에 목매단 드라마업계,25,2.5
watcha,택배기사,Black Knight,2023,배종은,너무나 익숙한 스토리,11,2.5
watcha,택배기사,Black Knight,2023,돌발사태,쓰레기 스러움 맥스,10,0.5
watcha,택배기사,Black Knight,2023,롤린스,짧게 만들어줬다는 점에서 별 반개 추가,21,0.5
watcha,택배기사,Black Knight,2023,윤성수,오랜만에 겨우 참으면서 보다가 30분을 못넘기고 포기하는 작품을 만났다. 내가 투자자였으면 감독을 고소했을것 같다.  왜 한국 sf영화들은 대사가 다 어색한걸까....,93,0.5
watcha,택배기사,Black Knight,2023,하승훈,못 할거면 하지 마세요 제발요 도대체 언제까지 과거에 사시나요?,35,1.5
watcha,택배기사,Black Knight,2023,Fromm,이 드라마를 재밌게 보는 방법 1. 2. 3. 4. 5. 참고하시고 즐감하세요 여러분,47,1.0
watcha,택배기사,Black Knight,2023,방정환,그럴듯한 비쥬얼이 통하던 시대가 아니다.,22,3.0
watcha,택배기사,Black Knight,2023,동주르,그래도 뭔가 있겠지.. 하면서 봤는데 없어서 당황.,28,0.5
watcha,택배기사,Black Knight,2023,장은정,제작비 어따 팔아먹음?,12,1.5
watcha,택배기사,Black Knight,2023,김옥준,"그럴싸한 설정 뿐.. 캐릭터에 대한 공감, 갈등을 풀어가는 스토리 그 어느하나 고민의 깊이가 보이지 않는 돈 아까운 작품  혹시 모를 시즌2 가능성을 위해 남겨둔 복선 마저 초라하다",101,4.0
watcha,택배기사,Black Knight,2023,고봄,"내 돈도 아닌데 제작비 너무 아깝다. 대체 이 뻔한 작품을 왜 만들었을까? 재밌게라도 만들던가. 1화까지 보고 그만 볼까 하다가 그래도 2화를 봤는데 시간 아까워서 그만 뒀다. 작가, 감독 기억해둔다",111,0.5
watcha,택배기사,Black Knight,2023,밤생,"개인 기록용임.  독특한 설정은 그만큼 디테일해야 설득되는 것 같다. 그러나 택배기사는 쉽게 설득되지 않는 편. 큰 틀부터 의아하지만 잘 다듬었으면 설득되었을텐데. 원작은 잘 모르지만 디테일이 아쉽다. 명작이 될 수도 있었던 것이 무난한 킬링타임용 작품이 된 것 같다. 난민 034도 잘 성장시키고 활용했으면 다른 성장형 애니메이션처럼 좋아하는 사람들이 있지 않았을까. 그래도 신선함 하나로 본 느낌.  친구에게 추천 정도 1. 누가, 이 작품 어떤지 물어볼 때 : 3.5 2. 누가, 자기 작품 뭐볼까 물을 때 : 3.5 3. 같이, 우리 작품 뭐볼까 고를 때 : 4.0",320,2.5
watcha,택배기사,Black Knight,2023,문대민,23.05.13-23.05.18,17,1.0
watcha,택배기사,Black Knight,2023,강주한,전설의 택배기사는 5-8이 아닌 오후 5시에 주문해도 오전 8시 전에 배송해주시는 로켓배송 기사님들임…,57,1.0
watcha,택배기사,Black Knight,2023,지수,"설명하는거에서부터 느낌이 안좋았는데 왜케 모든것들이 어색한건지,,",36,0.5
watcha,택배기사,Black Knight,2023,Joyakdol,"연출자가 너무 안일하다 대부분의 정보와 감정을 대사로 전달하는 연출을 선택했는데 대사가 진부해서 오글거리는 기분을 느끼게 하고, 구멍 뚫린 콘티 구성으로 인해 편집이 튀는 현상까지 나타난다. 촬영도 액션영화를 많이 안 찍어본 듯한 느낌이다. 정보사 정설아가 젊을 적에 난민 소탕 작전에 투입되었을 때, 난데없이 총기 pov 내지 고프로 앵글이 나오는데,, 딴에는 액션 느낌 살려보겠다고 넣은 앵글 같다만, 그 장면은 액션이나 긴박감이 느껴져야 하는 씬이 아니었다 절대. 게다가 음향에도 신경을 안 쓴 티가 난다. 근접전에서 5-8이 칼로 적을 난도질하는데 그냥 쓱슉서걱이 끝. 타격감도, 칼이 살을 파고드는 소리도 전혀 느껴지지 않는다.",356,2.5
watcha,택배기사,Black Knight,2023,hwanny,어릴 때 과학의 날 행사로 제출했던 미래 얘기 같음 올드 하단 소리임,38,1.0
watcha,택배기사,Black Knight,2023,꾸르,어휴.. 1화 중간에 탈출합니다..,19,1.5
watcha,택배기사,Black Knight,2023,김동식,230518 넷플릭스,11,1.0
watcha,택배기사,Black Knight,2023,gentiana,결말이 되게 싱겁게 끝나는군,15,2.5
watcha,택배기사,Black Knight,2023,이해민,존나 구구절절 길게 쓸라다가 걍 안씀 할말이 없다,27,1.5
watcha,택배기사,Black Knight,2023,마넝마넝,매력적인 주제와 큰 제작비를 가지고  실망스런 결과 김우빈의 존재감으로 이끌어 가는게 전부  전개가 빠르다고 몰입감이 더해지는게 아닌데.. 너무나 옛날 스타일의 연출로 작품을 끔찍하게 만들어버린다.  연출자의 한계가 고스란히 느껴지는 작품,133,2.5
watcha,택배기사,Black Knight,2023,박지현,"별점 1개의 비판, 고개 끄덕이며 다 받고요,  1 암울한 미래시대의 절박함이 전혀 느껴지지 않을만큼 사람들이 마스크를 자주 벗는다. 아니, 중국발 미세먼지 왔냐고....  2 쏜다.... 제발 그냥 쏴, 왜 총을 갖고도 맨손에 죄다 당하냐고....  3 아...송승헌 이분만이 아니야, 왜 다들 연극놀이 하냐고. 정말 미래에 사는 사람이 아니라 돈 받고 연기 열심히 하는 사람들 같냐고...  제발 돈을 쏟아붓기 전에 시나리오 검토 100번은 했으면 좋겠고, 미래설정같은 디테일을 놓치지 않았으면. 그래야 1화보다 확 깨는 순간이 줄어듬.  :)",306,0.5
watcha,택배기사,Black Knight,2023,인생은 아름다워,: 웹툰 형식 각색 안하고 그대로 가져와서 미디어로 보게 하다니.. 여러모로 대단하네요,48,1.5
watcha,택배기사,Black Knight,2023,한지,1~2화 오그라드는 세계관에 하차하고 싶어짐  3~5화 이왕 시작한거 끝은 보자 싶어서 계속 봄 세계관이 익숙해지면 나름 볼만함  6화 이게 뭐야...,84,2.0
watcha,택배기사,Black Knight,2023,수수수술구,못봐주겠다,5,1.0
watcha,택배기사,Black Knight,2023,Sarah Park,고생했다 제작진,8,1.0
watcha,택배기사,Black Knight,2023,아서,슬리핑 기차가 13시간을 가는데 와이파이가 안되서 볼수있는게 다운로드 해 놓은 이작품 뿐이었습니다 그럼에도 완주 못했습니다 멍때리면서 창밖보는게 더 재밌었습니다,89,0.5
watcha,택배기사,Black Knight,2023,남헌우,별 0개 최악 이걸 참고 끝까지 본 내가 잘못,25,2.0
watcha,택배기사,Black Knight,2023,홍마초,볼만하다가 마지막회는...,14,3.0
watcha,택배기사,Black Knight,2023,아르므,네.. 정말 무쓸모 영화네요,15,2.0
watcha,택배기사,Black Knight,2023,이준현,세계관 이거... 못 봐주겠네요..,19,2.5
watcha,택배기사,Black Knight,2023,음음,6부 끝까지 다 봤는데 결국 내용이 없다. 사실상 메인으로 잡은 이야기에서 중요한 부분은 아닌 택배기사되는 이야기로 양채우기만 함.,73,0.5
watcha,택배기사,Black Knight,2023,회색늑대,우빈이 형은 나가있어,11,1.0
watcha,택배기사,Black Knight,2023,위생등급매우우수,견딜수가ㅜ없다...,10,1.0
watcha,택배기사,Black Knight,2023,didie,너무지루하다,6,0.5
watcha,택배기사,Black Knight,2023,박장희,뭘 그리 구구절절 설명을 하나... 액션도 이상.. 싸움을 잘하는게 아니라 초능력이라는 설정인게 낫겠다,57,2.0
watcha,택배기사,Black Knight,2023,양희석,솔직히 사월이 친구들 연기 너무 어색함..  그냥 재미없어도 한번본거 끝까지 보자는 마인드로 봤는데 진짜 마지막화는 뭐 그냥 얼렁뚱땅 진행해버리는 느낌이 듬;;,89,1.0
watcha,택배기사,Black Knight,2023,기어코오네,"일단 보기 봤는 데, 주연 배우 얼굴 때문이라도 혹시나 뭐라도 있을까봐 찾는 마음에라도 보는 건 처음이였네.",60,4.0
watcha,택배기사,Black Knight,2023,라프시몬스,원활한 극의 흐름을 위해 시퀀스간의 널뛰기가 심하다,28,1.0
watcha,택배기사,Black Knight,2023,haeun,3화 하차,5,1.0
watcha,택배기사,Black Knight,2023,김현범,2023.5.15 넷플릭스,14,1.0
watcha,택배기사,Black Knight,2023,MoolSoop,"재밌다. 설정도, 스토리도, 연출도.  김우빈의 담담한 톤은 확실하게 안정을 주고 이제 뜨기 시작하는 신인 스타들의 열연도 준수하다.  클리셰 보다는 레퍼런스에 가깝고 대충 예상 가능할 정도의 친절한 반전도 나쁘지 않다.  로튼토마토 지수와 반대로 악에 받친 평점 테러는 아직 한국이 장르물을 받아들일 준비가 안 된 곳이라는걸 여실히 보여준다.  짠 음식에 너무 길들여진 한국 사람들.. 평냉도 맛 보다 유행으로 먹는 그 사람들에겐 다소 헐겁게 느껴질 수 있겠다.  다만 송승헌의 부족한 연기는 좀 그래..  데스스트랜딩이나 N차 달려야지.",302,2.0
